ccode,country.name,year,value
4,Afghanistan,1500,2000
8,Albania,1500,200
12,Algeria,1500,1500
32,Argentina,1500,300
36,Australia,1500,450
40,Austria,1500,2000
56,Belgium,1500,1400
68,Bolivia,1500,900
76,Brazil,1500,1000
100,Bulgaria,1500,800
124,Canada,1500,250
152,Chile,1500,600
156,China,1500,103000
170,Colombia,1500,1000
174,Comoros,1500,10
208,Denmark,1500,600
218,Ecuador,1500,600
818,Egypt,1500,4000
246,Finland,1500,300
250,France,1500,15000
276,Germany,1500,12000
300,Greece,1500,1000
348,Hungary,1500,1250
356,India,1500,110000
364,Iran,1500,4000
368,Iraq,1500,1000
372,Ireland,1500,800
380,Italy,1500,10500
392,Japan,1500,15400
400,Jordan,1500,200
404,Kenya,1500,1500
418,Laos,1500,400
422,Lebanon,1500,250
450,Madagascar,1500,700
484,Mexico,1500,7000
496,Mongolia,1500,600
504,Morocco,1500,1500
508,Mozambique,1500,1000
104,Myanmar,1500,4000
524,Nepal,1500,2000
528,Netherlands,1500,950
554,New Zealand,1500,100
558,Nicaragua,1500,12
578,Norway,1500,300
512,Oman,1500,200
591,Panama,1500,29.6
600,Paraguay,1500,200
604,Peru,1500,2500
608,Philippines,1500,500
616,Poland,1500,4000
620,Portugal,1500,1000
642,Romania,1500,2000
682,Saudi Arabia,1500,2000
706,Somalia,1500,800
710,South Africa,1500,600
724,Spain,1500,6800
144,Sri Lanka,1500,1000
752,Sweden,1500,550
756,Switzerland,1500,650
760,Syria,1500,1250
834,Tanzania,1500,1750
764,Thailand,1500,2000
788,Tunisia,1500,800
792,Turkey,1500,6300
800,Uganda,1500,1500
826,United Kingdom,1500,3942
840,United States,1500,2000
862,Venezuela,1500,400
704,Vietnam,1500,2000
887,Yemen,1500,2250
32,Argentina,1550,300
68,Bolivia,1550,803
132,Cape Verde,1550,10
152,Chile,1550,700
170,Colombia,1550,900
218,Ecuador,1550,550
484,Mexico,1550,6587
558,Nicaragua,1550,36
591,Panama,1550,12.4
600,Paraguay,1550,200
604,Peru,1550,1291
862,Venezuela,1550,400
4,Afghanistan,1600,2500
8,Albania,1600,200
12,Algeria,1600,2250
32,Argentina,1600,300
36,Australia,1600,450
40,Austria,1600,2500
50,Bangladesh,1600,12918.66
56,Belgium,1600,1600
68,Bolivia,1600,670
76,Brazil,1600,800
100,Bulgaria,1600,1250
124,Canada,1600,250
152,Chile,1600,600
156,China,1600,160000
170,Colombia,1600,800
174,Comoros,1600,20
196,Cyprus,1600,180
208,Denmark,1600,650
218,Ecuador,1600,500
818,Egypt,1600,5000
246,Finland,1600,400
250,France,1600,18500
276,Germany,1600,16000
300,Greece,1600,1500
348,Hungary,1600,1250
356,India,1600,135000
364,Iran,1600,5000
368,Iraq,1600,1250
372,Ireland,1600,1000
380,Italy,1600,13100
392,Japan,1600,18500
400,Jordan,1600,200
422,Lebanon,1600,300
450,Madagascar,1600,800
484,Mexico,1600,2979
504,Morocco,1600,2250
508,Mozambique,1600,1250
104,Myanmar,1600,4500
524,Nepal,1600,2500
528,Netherlands,1600,1500
554,New Zealand,1600,100
558,Nicaragua,1600,50
578,Norway,1600,400
586,Pakistan,1600,8817.631
591,Panama,1600,20
600,Paraguay,1600,200
604,Peru,1600,920
608,Philippines,1600,800
616,Poland,1600,5000
620,Portugal,1600,1100
642,Romania,1600,2000
682,Saudi Arabia,1600,2250
706,Somalia,1600,800
710,South Africa,1600,700
724,Spain,1600,8240
144,Sri Lanka,1600,1250
752,Sweden,1600,760
756,Switzerland,1600,1000
760,Syria,1600,1400
764,Thailand,1600,2250
788,Tunisia,1600,1000
792,Turkey,1600,7900
826,United Kingdom,1600,6170
840,United States,1600,1500
862,Venezuela,1600,400
887,Yemen,1600,2500
32,Argentina,1650,300
40,Austria,1650,2250
56,Belgium,1650,1500
68,Bolivia,1650,591
152,Chile,1650,600
156,China,1650,140000
170,Colombia,1650,800
192,Cuba,1650,30
214,Dominican Republic,1650,70
218,Ecuador,1650,500
250,France,1650,21000
276,Germany,1650,11000
332,Haiti,1650,30
348,Hungary,1650,1250
372,Ireland,1650,1750
380,Italy,1650,11000
392,Japan,1650,25000
484,Mexico,1650,2249
528,Netherlands,1650,2000
558,Nicaragua,1650,69
591,Panama,1650,22.3
600,Paraguay,1650,200
604,Peru,1650,914
616,Poland,1650,5500
620,Portugal,1650,1750
642,Romania,1650,2250
724,Spain,1650,7500
756,Switzerland,1650,1000
826,United Kingdom,1650,5800
862,Venezuela,1650,450
4,Afghanistan,1700,2500
8,Albania,1700,300
12,Algeria,1700,1750
32,Argentina,1700,300
36,Australia,1700,450
40,Austria,1700,2500
50,Bangladesh,1700,15789.47
56,Belgium,1700,2000
68,Bolivia,1700,534
76,Brazil,1700,1250
100,Bulgaria,1700,1250
124,Canada,1700,200
132,Cape Verde,1700,20
152,Chile,1700,600
156,China,1700,138000
170,Colombia,1700,800
174,Comoros,1700,30
188,Costa Rica,1700,19
208,Denmark,1700,700
214,Dominican Republic,1700,100
218,Ecuador,1700,500
818,Egypt,1700,4500
242,Fiji,1700,118.803
246,Finland,1700,400
250,France,1700,21471
276,Germany,1700,15000
300,Greece,1700,1500
332,Haiti,1700,50
348,Hungary,1700,1500
356,India,1700,165000
364,Iran,1700,5000
368,Iraq,1700,1000
372,Ireland,1700,1925
380,Italy,1700,13300
388,Jamaica,1700,50
392,Japan,1700,27000
400,Jordan,1700,200
404,Kenya,1700,2000
422,Lebanon,1700,300
450,Madagascar,1700,1000
484,Mexico,1700,2825
504,Morocco,1700,1750
508,Mozambique,1700,1500
104,Myanmar,1700,5000
524,Nepal,1700,3000
528,Netherlands,1700,1900
554,New Zealand,1700,100
558,Nicaragua,1700,93
578,Norway,1700,500
586,Pakistan,1700,10777.1
591,Panama,1700,34.2
600,Paraguay,1700,200
604,Peru,1700,654
608,Philippines,1700,1250
616,Poland,1700,6000
620,Portugal,1700,2000
642,Romania,1700,2500
882,Samoa,1700,43
682,Saudi Arabia,1700,2000
706,Somalia,1700,950
710,South Africa,1700,1000
724,Spain,1700,8770
144,Sri Lanka,1700,1500
752,Sweden,1700,1260
756,Switzerland,1700,1200
760,Syria,1700,1250
834,Tanzania,1700,2500
764,Thailand,1700,2500
776,Tonga,1700,16.962
788,Tunisia,1700,800
792,Turkey,1700,8400
800,Uganda,1700,2000
826,United Kingdom,1700,8565
840,United States,1700,1000
862,Venezuela,1700,500
704,Vietnam,1700,3000
887,Yemen,1700,2250
32,Argentina,1750,400
40,Austria,1750,2750
56,Belgium,1750,2250
68,Bolivia,1750,562
76,Brazil,1750,1500
124,Canada,1750,300
152,Chile,1750,700
156,China,1750,225000
170,Colombia,1750,807
174,Comoros,1750,40
188,Costa Rica,1750,24
192,Cuba,1750,172
214,Dominican Republic,1750,130
218,Ecuador,1750,500
250,France,1750,24000
276,Germany,1750,15000
320,Guatemala,1750,315
332,Haiti,1750,190
340,Honduras,1750,96
348,Hungary,1750,2000
352,Iceland,1750,46
372,Ireland,1750,3000
380,Italy,1750,15000
388,Jamaica,1750,170
392,Japan,1750,29000
480,Mauritius,1750,29.5
484,Mexico,1750,3777
524,Nepal,1750,3500
528,Netherlands,1750,2000
558,Nicaragua,1750,114
578,Norway,1750,724
591,Panama,1750,42.2
600,Paraguay,1750,200
604,Peru,1750,773
616,Poland,1750,7000
620,Portugal,1750,2250
642,Romania,1750,3500
724,Spain,1750,9500
752,Sweden,1750,1781
756,Switzerland,1750,1500
826,United Kingdom,1750,7250
840,United States,1750,2000
862,Venezuela,1750,700
4,Afghanistan,1800,3280
8,Albania,1800,400
12,Algeria,1800,2500
20,Andorra,1800,2.654
24,Angola,1800,1567.028
28,Antigua and Barbuda,1800,37
32,Argentina,1800,534
51,Armenia,1800,413.326
36,Australia,1800,200
40,Austria,1800,3000
31,Azerbaijan,1800,879.96
44,Bahamas,1800,27.35
48,Bahrain,1800,64.474
52,Barbados,1800,81.729
112,Belarus,1800,2355.081
56,Belgium,1800,3250
84,Belize,1800,25.526
204,Benin,1800,636.559
64,Bhutan,1800,392.287
68,Bolivia,1800,887
70,Bosnia and Herzegovina,1800,851.806
72,Botswana,1800,121
76,Brazil,1800,2500
100,Bulgaria,1800,2250
854,Burkina Faso,1800,1665.421
108,Burundi,1800,899.097
116,Cambodia,1800,2090
120,Cameroon,1800,1860.054
124,Canada,1800,500
132,Cape Verde,1800,55.716
140,Central African Republic,1800,479.444
148,Chad,1800,1432
152,Chile,1800,771.447
156,China,1800,330000
170,Colombia,1800,1206
174,Comoros,1800,56.346
178,Congo,1800,314.465
180,"Congo, DRC",1800,5163.819
188,Costa Rica,1800,53
384,Cote d'Ivoire,1800,1088.53
191,Croatia,1800,1227.886
192,Cuba,1800,272
196,Cyprus,1800,184.392
203,Czech Republic,1800,5516.349
208,Denmark,1800,1000
262,Djibouti,1800,22.848
212,Dominica,1800,19.95
214,Dominican Republic,1800,150
218,Ecuador,1800,500
818,Egypt,1800,3500
222,El Salvador,1800,248
226,Equatorial Guinea,1800,80.377
232,Eritrea,1800,205.01
233,Estonia,1800,334.136
242,Fiji,1800,130.533
246,Finland,1800,800
250,France,1800,29000
266,Gabon,1800,158.227
268,Georgia,1800,1072.178
276,Germany,1800,18000
288,Ghana,1800,2016.034
300,Greece,1800,2250
308,Grenada,1800,29.409
324,Guinea,1800,983.959
624,Guinea-Bissau,1800,218.167
328,Guyana,1800,166.034
332,Haiti,1800,500
340,Honduras,1800,130
348,Hungary,1800,3250
352,Iceland,1800,61.428
364,Iran,1800,6000
368,Iraq,1800,1000
372,Ireland,1800,5250
376,Israel,1800,209.954
380,Italy,1800,19000
388,Jamaica,1800,300
392,Japan,1800,28000
400,Jordan,1800,200
398,Kazakhstan,1800,2041.282
404,Kenya,1800,2574
296,Kiribati,1800,17.876
414,Kuwait,1800,81.28
417,Kyrgyzstan,1800,530.343
418,Laos,1800,470
428,Latvia,1800,590.588
422,Lebanon,1800,300
426,Lesotho,1800,276.361
430,Liberia,1800,313.543
438,Liechtenstein,1800,5.802
440,Lithuania,1800,778.655
442,Luxembourg,1800,127.03
807,Macedonia,1800,391.865
450,Madagascar,1800,1500
454,Malawi,1800,737
458,Malaysia,1800,287
462,Maldives,1800,42.378
466,Mali,1800,1403.398
470,Malta,1800,134.072
584,Marshall Is.,1800,5.828
478,Mauritania,1800,382.696
480,Mauritius,1800,59
484,Mexico,1800,5100
583,Micronesia,1800,16.416
498,Moldova,1800,712.558
492,Monaco,1800,7.789
496,Mongolia,1800,600
499,Montenegro,1800,126.582
504,Morocco,1800,2500
508,Mozambique,1800,2000
104,Myanmar,1800,6000
516,Namibia,1800,229
520,Nauru,1800,1.834
524,Nepal,1800,4000
528,Netherlands,1800,2000
554,New Zealand,1800,200
558,Nicaragua,1800,186
566,Nigeria,1800,12100.85
408,North Korea,1800,4345
578,Norway,1800,900
512,Oman,1800,300
585,Palau,1800,3.875
591,Panama,1800,75.6
598,Papua New Guinea,1800,754.894
600,Paraguay,1800,300
604,Peru,1800,1271
608,Philippines,1800,2500
616,Poland,1800,9000
620,Portugal,1800,2750
634,Qatar,1800,14.092
642,Romania,1800,5500
646,Rwanda,1800,928.368
882,Samoa,1800,47.3
674,San Marino,1800,5.492
678,Sao Tome and Principe,1800,22.731
682,Saudi Arabia,1800,2000
686,Senegal,1800,1009.886
688,Serbia,1800,2147.197
690,Seychelles,1800,12.522
694,Sierra Leone,1800,794.264
702,Singapore,1800,30
703,Slovakia,1800,2140.651
705,Slovenia,1800,469.664
90,Solomon Is.,1800,56.998
410,South Korea,1800,9395
724,Spain,1800,11500
144,Sri Lanka,1800,1750
740,Suriname,1800,80.721
748,Swaziland,1800,86
752,Sweden,1800,2500
756,Switzerland,1800,1750
760,Syria,1800,1250
762,Tajikistan,1800,466.629
834,Tanzania,1800,3000
764,Thailand,1800,3000
270,The Gambia,1800,103.274
626,Timor Leste,1800,137.262
768,Togo,1800,445.985
776,Tonga,1800,18.658
780,Trinidad and Tobago,1800,20
788,Tunisia,1800,800
795,Turkmenistan,1800,367.215
798,Tuvalu,1800,2.499
800,Uganda,1800,2500
804,Ukraine,1800,11215.49
784,United Arab Emirates,1800,40.153
826,United Kingdom,1800,10750
840,United States,1800,6000
858,Uruguay,1800,55
860,Uzbekistan,1800,1919.159
548,Vanuatu,1800,27.791
862,Venezuela,1800,1000
704,Vietnam,1800,4000
887,Yemen,1800,2593
894,Zambia,1800,747
716,Zimbabwe,1800,1085.814
32,Argentina,1810,406
156,China,1810,345717
192,Cuba,1810,572
222,El Salvador,1810,165
480,Mauritius,1810,78
528,Netherlands,1810,2047
578,Norway,1810,885
608,Philippines,1810,1933
659,St. Kitts and Nevis,1810,17.202
662,St. Lucia,1810,24
670,St. Vincent and the Grenadines,1810,25.781
752,Sweden,1810,2396
826,United Kingdom,1810,11970
840,United States,1810,7240
862,Venezuela,1810,802
4,Afghanistan,1820,3280
8,Albania,1820,437
12,Algeria,1820,2689
20,Andorra,1820,2.654
24,Angola,1820,1567.028
32,Argentina,1820,534
51,Armenia,1820,413.326
36,Australia,1820,334
40,Austria,1820,3369
31,Azerbaijan,1820,879.96
44,Bahamas,1820,27.35
48,Bahrain,1820,64.474
50,Bangladesh,1820,20000
52,Barbados,1820,81.729
112,Belarus,1820,2355.081
56,Belgium,1820,3434
84,Belize,1820,25.526
204,Benin,1820,636.559
64,Bhutan,1820,392.287
68,Bolivia,1820,1100
70,Bosnia and Herzegovina,1820,851.806
76,Brazil,1820,4507
100,Bulgaria,1820,2187
854,Burkina Faso,1820,1665.421
108,Burundi,1820,899.097
116,Cambodia,1820,2090
120,Cameroon,1820,1860.054
124,Canada,1820,816
132,Cape Verde,1820,55.716
140,Central African Republic,1820,479.444
152,Chile,1820,771.447
156,China,1820,381000
170,Colombia,1820,1206
174,Comoros,1820,56.346
178,Congo,1820,314.465
180,"Congo, DRC",1820,5163.819
188,Costa Rica,1820,63
384,Cote d'Ivoire,1820,1088.53
191,Croatia,1820,1227.886
192,Cuba,1820,605
203,Czech Republic,1820,5516.349
208,Denmark,1820,1155
262,Djibouti,1820,22.848
212,Dominica,1820,19.95
214,Dominican Republic,1820,89
218,Ecuador,1820,500
818,Egypt,1820,4194
222,El Salvador,1820,248
226,Equatorial Guinea,1820,80.377
232,Eritrea,1820,205.01
233,Estonia,1820,334.136
246,Finland,1820,1169
250,France,1820,31250
266,Gabon,1820,158.227
268,Georgia,1820,1072.178
276,Germany,1820,24905
288,Ghana,1820,2016.034
300,Greece,1820,2312
308,Grenada,1820,29.409
320,Guatemala,1820,595
324,Guinea,1820,983.959
624,Guinea-Bissau,1820,218.167
328,Guyana,1820,166.034
332,Haiti,1820,723
340,Honduras,1820,135
348,Hungary,1820,4146
352,Iceland,1820,61.428
356,India,1820,209000
364,Iran,1820,6560
368,Iraq,1820,1093
372,Ireland,1820,7101
380,Italy,1820,20176
388,Jamaica,1820,401
392,Japan,1820,31000
400,Jordan,1820,217
398,Kazakhstan,1820,2041.282
296,Kiribati,1820,17.876
414,Kuwait,1820,81.28
417,Kyrgyzstan,1820,530.343
418,Laos,1820,470
428,Latvia,1820,590.588
422,Lebanon,1820,332
426,Lesotho,1820,276.361
430,Liberia,1820,313.54
438,Liechtenstein,1820,5.802
440,Lithuania,1820,778.655
442,Luxembourg,1820,127.03
807,Macedonia,1820,391.865
450,Madagascar,1820,1683
458,Malaysia,1820,287
462,Maldives,1820,42.378
466,Mali,1820,1403.398
470,Malta,1820,134.072
584,Marshall Is.,1820,5.828
478,Mauritania,1820,382.696
480,Mauritius,1820,88
484,Mexico,1820,6587
583,Micronesia,1820,16.416
498,Moldova,1820,712.558
492,Monaco,1820,7.789
496,Mongolia,1820,619
499,Montenegro,1820,126.582
504,Morocco,1820,2689
508,Mozambique,1820,2096
104,Myanmar,1820,3506
520,Nauru,1820,1.834
524,Nepal,1820,3881
528,Netherlands,1820,2333
554,New Zealand,1820,100
558,Nicaragua,1820,186
566,Nigeria,1820,12100.85
408,North Korea,1820,4345
578,Norway,1820,970
512,Oman,1820,318
586,Pakistan,1820,13651
585,Palau,1820,3.875
598,Papua New Guinea,1820,754.894
600,Paraguay,1820,143
604,Peru,1820,1317
608,Philippines,1820,2176
616,Poland,1820,10426
620,Portugal,1820,3297
634,Qatar,1820,14.092
642,Romania,1820,6389
646,Rwanda,1820,928.368
674,San Marino,1820,5.492
678,Sao Tome and Principe,1820,22.731
682,Saudi Arabia,1820,2091
686,Senegal,1820,1009.886
688,Serbia,1820,2147.197
690,Seychelles,1820,12.522
694,Sierra Leone,1820,794.264
702,Singapore,1820,30
703,Slovakia,1820,2140.651
705,Slovenia,1820,469.664
90,Solomon Is.,1820,56.998
706,Somalia,1820,1000
710,South Africa,1820,1550
410,South Korea,1820,9395
724,Spain,1820,12203
144,Sri Lanka,1820,1213
659,St. Kitts and Nevis,1820,17.202
670,St. Vincent and the Grenadines,1820,25.781
740,Suriname,1820,80.721
752,Sweden,1820,2573
756,Switzerland,1820,1986
760,Syria,1820,1337
762,Tajikistan,1820,466.629
834,Tanzania,1820,3019.768
764,Thailand,1820,4665
270,The Gambia,1820,103.274
626,Timor Leste,1820,137.262
768,Togo,1820,445.985
780,Trinidad and Tobago,1820,60
788,Tunisia,1820,875
792,Turkey,1820,10074
795,Turkmenistan,1820,367.215
798,Tuvalu,1820,2.499
800,Uganda,1820,2101.397
804,Ukraine,1820,11215.49
784,United Arab Emirates,1820,40.153
826,United Kingdom,1820,21239
840,United States,1820,9980.51
858,Uruguay,1820,55
860,Uzbekistan,1820,1919.159
548,Vanuatu,1820,27.791
862,Venezuela,1820,718
704,Vietnam,1820,6551
887,Yemen,1820,2593
716,Zimbabwe,1820,1085.814
32,Argentina,1830,634
36,Australia,1830,330
40,Austria,1830,3538
56,Belgium,1830,3750
124,Canada,1830,1169
152,Chile,1830,965.173
156,China,1830,409000
170,Colombia,1830,1686
188,Costa Rica,1830,78
192,Cuba,1830,1008
208,Denmark,1830,1273
246,Finland,1830,1364
250,France,1830,33300
276,Germany,1830,28045
300,Greece,1830,2534
356,India,1830,217576.6
372,Ireland,1830,7827
380,Italy,1830,21513
392,Japan,1830,31329.81
442,Luxembourg,1830,170
480,Mauritius,1830,93
484,Mexico,1830,6382
528,Netherlands,1830,2633
554,New Zealand,1830,100
578,Norway,1830,1124
604,Peru,1830,1374
620,Portugal,1830,3491
724,Spain,1830,13041
752,Sweden,1830,2876
756,Switzerland,1830,2100
826,United Kingdom,1830,24139
840,United States,1830,13240.31
862,Venezuela,1830,887
32,Argentina,1840,768
36,Australia,1840,420
40,Austria,1840,3716
56,Belgium,1840,4080
124,Canada,1840,1697
152,Chile,1840,1180.761
156,China,1840,412000
170,Colombia,1840,1932
188,Costa Rica,1840,94
192,Cuba,1840,1008
208,Denmark,1840,1357
212,Dominica,1840,22
818,Egypt,1840,4476
242,Fiji,1840,140
246,Finland,1840,1441
250,France,1840,34900
276,Germany,1840,31126
300,Greece,1840,2777
320,Guatemala,1840,706
328,Guyana,1840,98
352,Iceland,1840,57
356,India,1840,226505.1
372,Ireland,1840,8349
380,Italy,1840,22939
388,Jamaica,1840,377
392,Japan,1840,31663.13
442,Luxembourg,1840,180
480,Mauritius,1840,115
484,Mexico,1840,7044
528,Netherlands,1840,2886
554,New Zealand,1840,70
578,Norway,1840,1241
608,Philippines,1840,3096
620,Portugal,1840,3704
724,Spain,1840,13937
752,Sweden,1840,3123
756,Switzerland,1840,2220
776,Tonga,1840,18.5
826,United Kingdom,1840,26745
840,United States,1840,17443.77
862,Venezuela,1840,1219
4,Afghanistan,1850,3750
8,Albania,1850,500
12,Algeria,1850,2838.453
24,Angola,1850,2428.947
28,Antigua and Barbuda,1850,37
32,Argentina,1850,1100
36,Australia,1850,605
40,Austria,1850,3950
44,Bahamas,1850,28
52,Barbados,1850,136
56,Belgium,1850,4449
204,Benin,1850,791.1505
68,Bolivia,1850,1374
72,Botswana,1850,100.0461
76,Brazil,1850,7234
100,Bulgaria,1850,2500
854,Burkina Faso,1850,1851.687
108,Burundi,1850,1410.005
120,Cameroon,1850,2767.547
124,Canada,1850,2485
140,Central African Republic,1850,930.8465
148,Chad,1850,1787.522
152,Chile,1850,1409.885
156,China,1850,412000
170,Colombia,1850,2065
174,Comoros,1850,60
178,Congo,1850,507.6533
180,"Congo, DRC",1850,8222.558
188,Costa Rica,1850,101
384,Cote d'Ivoire,1850,1033.829
192,Cuba,1850,1186
208,Denmark,1850,1499
262,Djibouti,1850,40.41427
214,Dominican Republic,1850,146
218,Ecuador,1850,816
818,Egypt,1850,5683.846
222,El Salvador,1850,366
226,Equatorial Guinea,1850,108.3423
232,Eritrea,1850,700.6632
231,Ethiopia,1850,18434
242,Fiji,1850,137
246,Finland,1850,1628
250,France,1850,36350
266,Gabon,1850,297.3997
276,Germany,1850,33746
288,Ghana,1850,1981.047
300,Greece,1850,3044
308,Grenada,1850,33
320,Guatemala,1850,850
324,Guinea,1850,1028.675
624,Guinea-Bissau,1850,210.508
328,Guyana,1850,128
332,Haiti,1850,938
340,Honduras,1850,350
348,Hungary,1850,5161
352,Iceland,1850,59
356,India,1850,235800
364,Iran,1850,7500
368,Iraq,1850,1250
372,Ireland,1850,6878
376,Israel,1850,209.954
380,Italy,1850,24460
388,Jamaica,1850,399
392,Japan,1850,32000
400,Jordan,1850,300
404,Kenya,1850,3352.899
426,Lesotho,1850,177.8804
430,Liberia,1850,330.0733
434,Libya,1850,267.8702
442,Luxembourg,1850,193
450,Madagascar,1850,2631.17
454,Malawi,1850,2154.266
458,Malaysia,1850,530
466,Mali,1850,1502.533
478,Mauritania,1850,288.4613
480,Mauritius,1850,181
484,Mexico,1850,7662
504,Morocco,1850,2847.216
508,Mozambique,1850,4752.372
104,Myanmar,1850,3932
516,Namibia,1850,117.5367
524,Nepal,1850,4352
528,Netherlands,1850,3098
554,New Zealand,1850,90
558,Nicaragua,1850,300
562,Niger,1850,996.5538
566,Nigeria,1850,13539.37
578,Norway,1850,1392
591,Panama,1850,108.6
600,Paraguay,1850,350
604,Peru,1850,3375
608,Philippines,1850,3612
616,Poland,1850,13000
620,Portugal,1850,3816
642,Romania,1850,8000
646,Rwanda,1850,1514.972
882,Samoa,1850,46.899
686,Senegal,1850,931.6463
694,Sierra Leone,1850,778.7166
702,Singapore,1850,56
706,Somalia,1850,1475.773
710,South Africa,1850,3007.536
410,South Korea,1850,9545
724,Spain,1850,14894
144,Sri Lanka,1850,2217
662,St. Lucia,1850,24
670,St. Vincent and the Grenadines,1850,30
748,Swaziland,1850,66.15986
752,Sweden,1850,3462
756,Switzerland,1850,2379
834,Tanzania,1850,5467.537
764,Thailand,1850,5230
270,The Gambia,1850,112.0669
768,Togo,1850,506.5782
776,Tonga,1850,18.5
780,Trinidad and Tobago,1850,80
788,Tunisia,1850,1112.622
800,Uganda,1850,2960.343
826,United Kingdom,1850,27181
840,United States,1850,23579.72
858,Uruguay,1850,132
862,Venezuela,1850,1324
704,Vietnam,1850,6000
894,Zambia,1850,1593.229
716,Zimbabwe,1850,665.7185
12,Algeria,1860,3138.555
24,Angola,1860,2602.345
28,Antigua and Barbuda,1860,37
32,Argentina,1860,1304
36,Australia,1860,1326
40,Austria,1860,4235
44,Bahamas,1860,35
52,Barbados,1860,153
56,Belgium,1860,4740
84,Belize,1860,26
204,Benin,1860,821.8996
72,Botswana,1860,110.6237
854,Burkina Faso,1860,1889.055
108,Burundi,1860,1496.927
120,Cameroon,1860,2900.76
124,Canada,1860,3369
140,Central African Republic,1860,935.8019
148,Chad,1860,1805.478
152,Chile,1860,1660.659
156,China,1860,377000
170,Colombia,1860,2694
178,Congo,1860,507.6533
180,"Congo, DRC",1860,8269.611
188,Costa Rica,1860,120
384,Cote d'Ivoire,1860,1108.519
192,Cuba,1860,1397
208,Denmark,1860,1696
262,Djibouti,1860,40.41427
212,Dominica,1860,25
818,Egypt,1860,6284.784
226,Equatorial Guinea,1860,115.0212
232,Eritrea,1860,700.6632
231,Ethiopia,1860,18434
246,Finland,1860,1738
250,France,1860,37300
266,Gabon,1860,315.7333
276,Germany,1860,36049
288,Ghana,1860,2093.098
300,Greece,1860,3336
308,Grenada,1860,32
324,Guinea,1860,1081.282
624,Guinea-Bissau,1860,216.9091
328,Guyana,1860,148
352,Iceland,1860,67
356,India,1860,244248.7
368,Iraq,1860,1290
372,Ireland,1860,5821
376,Israel,1860,227.862
380,Italy,1860,26081
388,Jamaica,1860,441
392,Japan,1860,33196.14
404,Kenya,1860,3559.592
426,Lesotho,1860,196.6872
430,Liberia,1860,346.9533
434,Libya,1860,296.1914
442,Luxembourg,1860,203
450,Madagascar,1860,2711.179
454,Malawi,1860,2143.811
466,Mali,1860,1532.856
478,Mauritania,1860,300.2096
480,Mauritius,1860,320
484,Mexico,1860,8816
504,Morocco,1860,3148.245
508,Mozambique,1860,4752.372
516,Namibia,1860,129.9636
528,Netherlands,1860,3318
554,New Zealand,1860,132
562,Niger,1860,1016.665
566,Nigeria,1860,14067.46
578,Norway,1860,1596
604,Peru,1860,2488
620,Portugal,1860,4000
646,Rwanda,1860,1530.19
686,Senegal,1860,989.0787
694,Sierra Leone,1860,818.5403
706,Somalia,1860,1475.773
710,South Africa,1860,3325.515
724,Spain,1860,15642
144,Sri Lanka,1860,1893
659,St. Kitts and Nevis,1860,34
662,St. Lucia,1860,27
670,St. Vincent and the Grenadines,1860,32
748,Swaziland,1860,73.15477
752,Sweden,1860,3824
756,Switzerland,1860,2510
834,Tanzania,1860,5413.107
270,The Gambia,1860,118.9754
768,Togo,1860,537.8068
780,Trinidad and Tobago,1860,99
788,Tunisia,1860,1230.257
800,Uganda,1860,3080.911
826,United Kingdom,1860,28888
840,United States,1860,31838.9
858,Uruguay,1860,223
894,Zambia,1860,1608.892
716,Zimbabwe,1860,736.1031
4,Afghanistan,1870,4207
8,Albania,1870,603
12,Algeria,1870,3470.386
24,Angola,1870,2790.355
28,Antigua and Barbuda,1870,35
32,Argentina,1870,1796
36,Australia,1870,1775
40,Austria,1870,4520
44,Bahamas,1870,39
48,Bahrain,1870,64.474
50,Bangladesh,1870,24721
52,Barbados,1870,162
56,Belgium,1870,5096
84,Belize,1870,25
204,Benin,1870,889.6552
68,Bolivia,1870,1495
70,Bosnia and Herzegovina,1870,1158
72,Botswana,1870,122.3196
76,Brazil,1870,9797
100,Bulgaria,1870,2586
854,Burkina Faso,1870,1927.178
108,Burundi,1870,1589.206
116,Cambodia,1870,2340
120,Cameroon,1870,3050.84
124,Canada,1870,3781
140,Central African Republic,1870,954.1117
148,Chad,1870,1823.614
152,Chile,1870,1944.569
156,China,1870,358000
170,Colombia,1870,2392
178,Congo,1870,538.9481
180,"Congo, DRC",1870,8810.814
188,Costa Rica,1870,137
384,Cote d'Ivoire,1870,1176.855
192,Cuba,1870,1331
208,Denmark,1870,1888
262,Djibouti,1870,40.41427
212,Dominica,1870,27
214,Dominican Republic,1870,242
218,Ecuador,1870,1013
818,Egypt,1870,6949.257
222,El Salvador,1870,492
226,Equatorial Guinea,1870,122.1118
232,Eritrea,1870,700.6632
231,Ethiopia,1870,18434
246,Finland,1870,1754
250,France,1870,38440
266,Gabon,1870,335.197
276,Germany,1870,39231
288,Ghana,1870,2211.646
300,Greece,1870,3657
308,Grenada,1870,38
320,Guatemala,1870,1080
324,Guinea,1870,1147.938
624,Guinea-Bissau,1870,225.7434
328,Guyana,1870,193
332,Haiti,1870,1150
340,Honduras,1870,404
348,Hungary,1870,5917
352,Iceland,1870,70
356,India,1870,253000
364,Iran,1870,8415
368,Iraq,1870,1580
372,Ireland,1870,5419
376,Israel,1870,272.23
380,Italy,1870,27888
388,Jamaica,1870,499
392,Japan,1870,34437
400,Jordan,1870,266
404,Kenya,1870,3779.027
414,Kuwait,1870,81.28
418,Laos,1870,755
422,Lebanon,1870,476
426,Lesotho,1870,217.4824
430,Liberia,1870,368.3417
434,Libya,1870,327.5069
442,Luxembourg,1870,198
450,Madagascar,1870,2793.621
454,Malawi,1870,2122.469
458,Malaysia,1870,800
466,Mali,1870,1563.79
478,Mauritania,1870,312.4365
480,Mauritius,1870,330
484,Mexico,1870,9219
496,Mongolia,1870,668
504,Morocco,1870,3481.1
508,Mozambique,1870,4705.061
104,Myanmar,1870,4245
516,Namibia,1870,143.7043
524,Nepal,1870,4698
528,Netherlands,1870,3610
554,New Zealand,1870,291
558,Nicaragua,1870,337
562,Niger,1870,1047.58
566,Nigeria,1870,14678.42
408,North Korea,1870,4511
578,Norway,1870,1735
512,Oman,1870,367
586,Pakistan,1870,16090
591,Panama,1870,176
600,Paraguay,1870,384
604,Peru,1870,2606
608,Philippines,1870,5063
616,Poland,1870,16865
620,Portugal,1870,4327
634,Qatar,1870,14.092
642,Romania,1870,9179
646,Rwanda,1870,1545.561
682,Saudi Arabia,1870,2338
686,Senegal,1870,1071.115
694,Sierra Leone,1870,869.0002
702,Singapore,1870,84
706,Somalia,1870,1475.773
710,South Africa,1870,3677.113
410,South Korea,1870,9753
724,Spain,1870,16201
144,Sri Lanka,1870,2786
659,St. Kitts and Nevis,1870,40
662,St. Lucia,1870,32
670,St. Vincent and the Grenadines,1870,36
748,Swaziland,1870,80.88923
752,Sweden,1870,4164
756,Switzerland,1870,2655
760,Syria,1870,1582
834,Tanzania,1870,5359.219
764,Thailand,1870,5775
270,The Gambia,1870,126.3098
768,Togo,1870,570.9606
780,Trinidad and Tobago,1870,124
788,Tunisia,1870,1360.329
792,Turkey,1870,11793
800,Uganda,1870,3206.389
784,United Arab Emirates,1870,40.153
826,United Kingdom,1870,31400
840,United States,1870,40240.63
858,Uruguay,1870,343
862,Venezuela,1870,1653
704,Vietnam,1870,10528
887,Yemen,1870,2840
894,Zambia,1870,1620.364
716,Zimbabwe,1870,813.9293
12,Algeria,1880,3837.3
24,Angola,1880,2934.373
28,Antigua and Barbuda,1880,35
36,Australia,1880,2197
40,Austria,1880,4941
44,Bahamas,1880,44
52,Barbados,1880,172
56,Belgium,1880,5541
84,Belize,1880,27
204,Benin,1880,967.8173
68,Bolivia,1880,1098
70,Bosnia and Herzegovina,1880,1360
72,Botswana,1880,135.2522
76,Brazil,1880,11794
854,Burkina Faso,1880,2005.668
108,Burundi,1880,1704.021
120,Cameroon,1880,3241.372
124,Canada,1880,4384
140,Central African Republic,1880,987.3243
148,Chad,1880,1860.416
152,Chile,1880,2264.042
156,China,1880,368000
178,Congo,1880,583.6498
180,"Congo, DRC",1880,9507.902
188,Costa Rica,1880,182
384,Cote d'Ivoire,1880,1261.879
192,Cuba,1880,1522
196,Cyprus,1880,186
208,Denmark,1880,2081
262,Djibouti,1880,40.82024
212,Dominica,1880,28
818,Egypt,1880,7683.984
222,El Salvador,1880,613
226,Equatorial Guinea,1880,130.934
232,Eritrea,1880,707.7015
231,Ethiopia,1880,18434
242,Fiji,1880,127
246,Finland,1880,2047
250,France,1880,39045
266,Gabon,1880,359.4139
276,Germany,1880,43500
288,Ghana,1880,2365.901
300,Greece,1880,4049
308,Grenada,1880,42
320,Guatemala,1880,1225
324,Guinea,1880,1230.873
624,Guinea-Bissau,1880,242.0526
328,Guyana,1880,252
340,Honduras,1880,307
352,Iceland,1880,72
356,India,1880,257200
372,Ireland,1880,5203
376,Israel,1880,282.159
380,Italy,1880,29534
388,Jamaica,1880,581
392,Japan,1880,36807
404,Kenya,1880,4052.049
426,Lesotho,1880,240.4762
430,Liberia,1880,394.9531
434,Libya,1880,362.1333
442,Luxembourg,1880,210
450,Madagascar,1880,2907.399
454,Malawi,1880,2090.556
466,Mali,1880,1627.48
478,Mauritania,1880,328.4145
480,Mauritius,1880,360
484,Mexico,1880,10399
504,Morocco,1880,3849.148
508,Mozambique,1880,4611.803
104,Myanmar,1880,3737
516,Namibia,1880,158.8978
528,Netherlands,1880,4043
554,New Zealand,1880,520
562,Niger,1880,1090.246
566,Nigeria,1880,15475.4
578,Norway,1880,1919
600,Paraguay,1880,264
608,Philippines,1880,5985
620,Portugal,1880,4610
646,Rwanda,1880,1561.086
686,Senegal,1880,1194.944
688,Serbia,1880,1902
694,Sierra Leone,1880,931.7826
706,Somalia,1880,1490.597
710,South Africa,1880,4065.884
724,Spain,1880,16859
144,Sri Lanka,1880,3021
659,St. Kitts and Nevis,1880,44
662,St. Lucia,1880,39
670,St. Vincent and the Grenadines,1880,41
748,Swaziland,1880,89.44143
752,Sweden,1880,4572
756,Switzerland,1880,2839
834,Tanzania,1880,5305.867
270,The Gambia,1880,138.1493
626,Timor Leste,1880,302
768,Togo,1880,624.4789
780,Trinidad and Tobago,1880,171
788,Tunisia,1880,1504.152
800,Uganda,1880,3370.364
826,United Kingdom,1880,34623
840,United States,1880,50458
858,Uruguay,1880,464
862,Venezuela,1880,1952
894,Zambia,1880,1638.719
716,Zimbabwe,1880,899.9839
8,Albania,1890,726
12,Algeria,1890,4243.008
24,Angola,1890,3085.151
28,Antigua and Barbuda,1890,37
32,Argentina,1890,3376
36,Australia,1890,3107
40,Austria,1890,5394
44,Bahamas,1890,48
52,Barbados,1890,183
56,Belgium,1890,6096
84,Belize,1890,31
204,Benin,1890,1026.923
70,Bosnia and Herzegovina,1890,1568
72,Botswana,1890,149.552
76,Brazil,1890,14199
100,Bulgaria,1890,3445
854,Burkina Faso,1890,2087.354
108,Burundi,1890,1827.131
120,Cameroon,1890,3444.452
124,Canada,1890,4918
140,Central African Republic,1890,1021.921
148,Chad,1890,1897.961
152,Chile,1890,2607.769
156,China,1890,380000
170,Colombia,1890,3369
178,Congo,1890,625.8165
180,"Congo, DRC",1890,9949.945
188,Costa Rica,1890,243
384,Cote d'Ivoire,1890,1326.412
192,Cuba,1890,1632
196,Cyprus,1890,209
208,Denmark,1890,2294
262,Djibouti,1890,41.23028
212,Dominica,1890,27
818,Egypt,1890,8799.254
222,El Salvador,1890,704
226,Equatorial Guinea,1890,140.3935
232,Eritrea,1890,714.8104
231,Ethiopia,1890,18434
242,Fiji,1890,121
246,Finland,1890,2364
250,France,1890,40014
266,Gabon,1890,385.3804
276,Germany,1890,47607
288,Ghana,1890,2564.876
300,Greece,1890,4482
308,Grenada,1890,53
320,Guatemala,1890,1364
324,Guinea,1890,1319.8
624,Guinea-Bissau,1890,259.5401
328,Guyana,1890,278
340,Honduras,1890,399
348,Hungary,1890,6622
352,Iceland,1890,71
356,India,1890,279626
364,Iran,1890,9000
368,Iraq,1890,1726
372,Ireland,1890,4718
376,Israel,1890,318.717
380,Italy,1890,31702
388,Jamaica,1890,639
392,Japan,1890,40077
404,Kenya,1890,4344.796
426,Lesotho,1890,265.9011
430,Liberia,1890,423.4872
434,Libya,1890,414.6942
442,Luxembourg,1890,211
450,Madagascar,1890,3025.811
454,Malawi,1890,2121.886
458,Malaysia,1890,1585
466,Mali,1890,1693.763
478,Mauritania,1890,348.66
480,Mauritius,1890,371
484,Mexico,1890,11729
504,Morocco,1890,4256.108
508,Mozambique,1890,4658.128
104,Myanmar,1890,7489
516,Namibia,1890,175.6976
524,Nepal,1890,5192
528,Netherlands,1890,4535
554,New Zealand,1890,665
562,Niger,1890,1134.649
566,Nigeria,1890,16484.87
578,Norway,1890,1997
600,Paraguay,1890,644
604,Peru,1890,3346
608,Philippines,1890,6476
616,Poland,1890,22854
620,Portugal,1890,5028
642,Romania,1890,10373
646,Rwanda,1890,1624.666
686,Senegal,1890,1306.951
688,Serbia,1890,2162
690,Seychelles,1890,16
694,Sierra Leone,1890,999.1008
702,Singapore,1890,157
706,Somalia,1890,1505.57
710,South Africa,1890,4495.76
410,South Korea,1890,9848
724,Spain,1890,17757
144,Sri Lanka,1890,3343
659,St. Kitts and Nevis,1890,48
662,St. Lucia,1890,42
670,St. Vincent and the Grenadines,1890,41
748,Swaziland,1890,98.89784
752,Sweden,1890,4780
756,Switzerland,1890,2951
834,Tanzania,1890,5412.945
764,Thailand,1890,6670
270,The Gambia,1890,151.0986
626,Timor Leste,1890,321
768,Togo,1890,669.5955
780,Trinidad and Tobago,1890,218
788,Tunisia,1890,1663.183
800,Uganda,1890,3542.725
826,United Kingdom,1890,37485
840,United States,1890,63302
858,Uruguay,1890,686
862,Venezuela,1890,2224
894,Zambia,1890,1690.159
716,Zimbabwe,1890,995.1369
4,Afghanistan,1900,5000
8,Albania,1900,800
12,Algeria,1900,4675.311
24,Angola,1900,2935.019
28,Antigua and Barbuda,1900,35
32,Argentina,1900,4693
36,Australia,1900,3741
40,Austria,1900,5973
44,Bahamas,1900,54
52,Barbados,1900,196
56,Belgium,1900,6719
84,Belize,1900,37
204,Benin,1900,1079.44
68,Bolivia,1900,1696
72,Botswana,1900,165.3637
76,Brazil,1900,17984
100,Bulgaria,1900,4000
854,Burkina Faso,1900,2194.102
108,Burundi,1900,1737.803
120,Cameroon,1900,3312.923
124,Canada,1900,5457
140,Central African Republic,1900,976.5358
148,Chad,1900,1751.476
152,Chile,1900,2958.986
156,China,1900,400000
170,Colombia,1900,3998
174,Comoros,1900,80
178,Congo,1900,595.2204
180,"Congo, DRC",1900,9449.637
188,Costa Rica,1900,297
384,Cote d'Ivoire,1900,1422.241
192,Cuba,1900,1658
196,Cyprus,1900,237
208,Denmark,1900,2561
262,Djibouti,1900,42.48403
212,Dominica,1900,29
214,Dominican Republic,1900,515
218,Ecuador,1900,1400
818,Egypt,1900,10176.31
222,El Salvador,1900,766
226,Equatorial Guinea,1900,133.5297
232,Eritrea,1900,721.9908
231,Ethiopia,1900,18434
242,Fiji,1900,120
246,Finland,1900,2646
250,France,1900,40598
266,Gabon,1900,366.5392
276,Germany,1900,54388
288,Ghana,1900,2799.907
300,Greece,1900,4962
308,Grenada,1900,63
320,Guatemala,1900,1300
324,Guinea,1900,1387.294
624,Guinea-Bissau,1900,278.291
328,Guyana,1900,306
332,Haiti,1900,1560
340,Honduras,1900,500
348,Hungary,1900,7127
352,Iceland,1900,78
356,India,1900,284500
364,Iran,1900,10000
368,Iraq,1900,2250
372,Ireland,1900,4469
376,Israel,1900,362.22
380,Italy,1900,33672
388,Jamaica,1900,720
392,Japan,1900,44103
400,Jordan,1900,300
404,Kenya,1900,4132.38
418,Laos,1900,1500
422,Lebanon,1900,500
426,Lesotho,1900,294.0142
430,Liberia,1900,454.0827
434,Libya,1900,479.5923
442,Luxembourg,1900,236
450,Madagascar,1900,2820.553
454,Malawi,1900,2038.522
458,Malaysia,1900,2232
466,Mali,1900,1780.383
478,Mauritania,1900,373.8496
480,Mauritius,1900,371
484,Mexico,1900,13607
496,Mongolia,1900,700
504,Morocco,1900,4689.746
508,Mozambique,1900,4475.122
104,Myanmar,1900,10174
516,Namibia,1900,194.2737
524,Nepal,1900,5283
528,Netherlands,1900,5142
554,New Zealand,1900,807
558,Nicaragua,1900,478
562,Niger,1900,1180.861
566,Nigeria,1900,17429.16
578,Norway,1900,2230
512,Oman,1900,400
591,Panama,1900,263
600,Paraguay,1900,440
604,Peru,1900,3648
608,Philippines,1900,7324
616,Poland,1900,24750
620,Portugal,1900,5404
642,Romania,1900,11000
646,Rwanda,1900,1529.776
882,Samoa,1900,33
678,Sao Tome and Principe,1900,40
682,Saudi Arabia,1900,2500
686,Senegal,1900,1401.374
688,Serbia,1900,2494
690,Seychelles,1900,19
694,Sierra Leone,1900,1071.282
702,Singapore,1900,215
706,Somalia,1900,1551.352
710,South Africa,1900,4971.084
410,South Korea,1900,9896
724,Spain,1900,18566
144,Sri Lanka,1900,3912
659,St. Kitts and Nevis,1900,46
662,St. Lucia,1900,50
670,St. Vincent and the Grenadines,1900,48
748,Swaziland,1900,109.354
752,Sweden,1900,5117
756,Switzerland,1900,3300
760,Syria,1900,1750
834,Tanzania,1900,4995.17
764,Thailand,1900,7320
270,The Gambia,1900,162.0149
626,Timor Leste,1900,348
768,Togo,1900,717.9715
776,Tonga,1900,20
780,Trinidad and Tobago,1900,268
788,Tunisia,1900,1832.637
800,Uganda,1900,3507.457
826,United Kingdom,1900,41155
840,United States,1900,76391
858,Uruguay,1900,915
862,Venezuela,1900,2542
704,Vietnam,1900,11500
887,Yemen,1900,3000
894,Zambia,1900,1673.333
716,Zimbabwe,1900,1100.35
4,Afghanistan,1910,5730
8,Albania,1910,874
12,Algeria,1910,5495.166
20,Andorra,1910,5
24,Angola,1910,2708.492
28,Antigua and Barbuda,1910,32
32,Argentina,1910,6836
36,Australia,1910,4375
40,Austria,1910,6614
44,Bahamas,1910,56
48,Bahrain,1910,81.882
50,Bangladesh,1910,31786
52,Barbados,1910,172
56,Belgium,1910,7498
84,Belize,1910,40
204,Benin,1910,1169.58
64,Bhutan,1910,250
68,Bolivia,1910,1837
70,Bosnia and Herzegovina,1910,1972
72,Botswana,1910,194.6634
76,Brazil,1910,22216
96,Brunei,1910,22
100,Bulgaria,1910,4520
854,Burkina Faso,1910,2447.757
108,Burundi,1910,1603.678
116,Cambodia,1910,3070
120,Cameroon,1910,3040.692
124,Canada,1910,7188
132,Cape Verde,1910,144
140,Central African Republic,1910,919.5006
148,Chad,1910,1682.664
152,Chile,1910,3317.166
156,China,1910,423000
170,Colombia,1910,4890
178,Congo,1910,538.3067
180,"Congo, DRC",1910,8546.082
188,Costa Rica,1910,363
384,Cote d'Ivoire,1910,1480.165
192,Cuba,1910,2219
196,Cyprus,1910,274
208,Denmark,1910,2882
262,Djibouti,1910,43.77589
212,Dominica,1910,34
214,Dominican Republic,1910,688
218,Ecuador,1910,1617
818,Egypt,1910,11698.51
222,El Salvador,1910,946
226,Equatorial Guinea,1910,120.7618
232,Eritrea,1910,774.1522
233,Estonia,1910,986
231,Ethiopia,1910,18434
242,Fiji,1910,140
246,Finland,1910,2929
250,France,1910,41224
266,Gabon,1910,331.4915
276,Germany,1910,62884
288,Ghana,1910,3056.579
300,Greece,1910,5320
308,Grenada,1910,67
320,Guatemala,1910,1441
324,Guinea,1910,1487.522
624,Guinea-Bissau,1910,298.3966
328,Guyana,1910,304
332,Haiti,1910,1809
340,Honduras,1910,619
348,Hungary,1910,7644
352,Iceland,1910,88
356,India,1910,302100
364,Iran,1910,10994
368,Iraq,1910,2613
372,Ireland,1910,4385
376,Israel,1910,415.745
380,Italy,1910,36572
388,Jamaica,1910,808
392,Japan,1910,49518
400,Jordan,1910,348
404,Kenya,1910,3813.44
414,Kuwait,1910,103.226
418,Laos,1910,1387
428,Latvia,1910,2552
422,Lebanon,1910,649
426,Lesotho,1910,346.1084
430,Liberia,1910,486.8887
434,Libya,1910,551.3313
438,Liechtenstein,1910,11
440,Lithuania,1910,2916
442,Luxembourg,1910,260
450,Madagascar,1910,2709.74
454,Malawi,1910,1881.188
458,Malaysia,1910,2893
462,Maldives,1910,72
466,Mali,1910,1986.209
470,Malta,1910,229
478,Mauritania,1910,408.8919
480,Mauritius,1910,369
484,Mexico,1910,15000
492,Monaco,1910,23
496,Mongolia,1910,725
499,Montenegro,1910,516
504,Morocco,1910,5512.132
508,Mozambique,1910,4129.729
104,Myanmar,1910,11942
516,Namibia,1910,228.6956
524,Nepal,1910,5639
528,Netherlands,1910,5922
554,New Zealand,1910,1045
558,Nicaragua,1910,553
562,Niger,1910,1317.377
566,Nigeria,1910,19083.33
408,North Korea,1910,4897
578,Norway,1910,2384
512,Oman,1910,444
586,Pakistan,1910,20008
591,Panama,1910,326
598,Papua New Guinea,1910,781
600,Paraguay,1910,554
604,Peru,1910,4137
608,Philippines,1910,8861
616,Poland,1910,26644
620,Portugal,1910,5884
634,Qatar,1910,17.897
642,Romania,1910,11866
646,Rwanda,1910,1411.707
882,Samoa,1910,38
674,San Marino,1910,11
678,Sao Tome and Principe,1910,59
682,Saudi Arabia,1910,2676
686,Senegal,1910,1502.619
688,Serbia,1910,2912
690,Seychelles,1910,23
694,Sierra Leone,1910,1148.679
702,Singapore,1910,323
90,Solomon Is.,1910,150
706,Somalia,1910,1598.526
710,South Africa,1910,5851.875
410,South Korea,1910,10096
724,Spain,1910,19858
144,Sri Lanka,1910,4668
659,St. Kitts and Nevis,1910,43
662,St. Lucia,1910,49
670,St. Vincent and the Grenadines,1910,42
740,Suriname,1910,95
748,Swaziland,1910,128.7297
752,Sweden,1910,5449
756,Switzerland,1910,3735
760,Syria,1910,1994
834,Tanzania,1910,4798.922
764,Thailand,1910,8305
270,The Gambia,1910,173.72
626,Timor Leste,1910,376
768,Togo,1910,769.8425
776,Tonga,1910,23
780,Trinidad and Tobago,1910,331
788,Tunisia,1910,2154.006
792,Turkey,1910,15000
800,Uganda,1910,3236.749
784,United Arab Emirates,1910,50.995
826,United Kingdom,1910,44916
840,United States,1910,92767
858,Uruguay,1910,1081
548,Vanuatu,1910,67
862,Venezuela,1910,2805
704,Vietnam,1910,19339
887,Yemen,1910,3284
894,Zambia,1910,1575.601
716,Zimbabwe,1910,1295.313
4,Afghanistan,1920,12000
8,Albania,1920,932
12,Algeria,1920,5779.437
20,Andorra,1920,6
24,Angola,1920,2602.082
28,Antigua and Barbuda,1920,30
32,Argentina,1920,8861
36,Australia,1920,5358
40,Austria,1920,6455
44,Bahamas,1920,53
48,Bahrain,1920,120
52,Barbados,1920,157
56,Belgium,1920,7552
84,Belize,1920,45
204,Benin,1920,1257.757
64,Bhutan,1920,250
68,Bolivia,1920,2136
72,Botswana,1920,227.0383
76,Brazil,1920,27404
96,Brunei,1920,26
100,Bulgaria,1920,5072
854,Burkina Faso,1920,2650.78
108,Burundi,1920,1540.673
120,Cameroon,1920,2912.172
124,Canada,1920,8798
132,Cape Verde,1920,127
140,Central African Republic,1920,874.4978
148,Chad,1920,1616.556
152,Chile,1920,3722.598
156,China,1920,472000
170,Colombia,1920,6213
174,Comoros,1920,120
178,Congo,1920,506.8665
180,"Congo, DRC",1920,8055.66
188,Costa Rica,1920,420
384,Cote d'Ivoire,1920,1571.412
192,Cuba,1920,2997
196,Cyprus,1920,311
208,Denmark,1920,3242
262,Djibouti,1920,44.65933
212,Dominica,1920,37
214,Dominican Republic,1920,879
218,Ecuador,1920,1790
818,Egypt,1920,13139.46
222,El Salvador,1920,1170
226,Equatorial Guinea,1920,113.7087
232,Eritrea,1920,821.8757
233,Estonia,1920,1115
231,Ethiopia,1920,18434
242,Fiji,1920,157
246,Finland,1920,3133
250,France,1920,39000
266,Gabon,1920,312.1305
276,Germany,1920,60894
288,Ghana,1920,3288.987
300,Greece,1920,5700
308,Grenada,1920,66
320,Guatemala,1920,1597
324,Guinea,1920,1610.9
624,Guinea-Bissau,1920,316.7916
328,Guyana,1920,304
332,Haiti,1920,2124
340,Honduras,1920,720
348,Hungary,1920,7950
352,Iceland,1920,98
356,India,1920,305600
364,Iran,1920,9000
368,Iraq,1920,3161
372,Ireland,1920,4361
376,Israel,1920,455.836
380,Italy,1920,37398
388,Jamaica,1920,855
392,Japan,1920,55818
400,Jordan,1920,240
404,Kenya,1920,3737.854
428,Latvia,1920,1845
426,Lesotho,1920,403.6705
430,Liberia,1920,516.9035
434,Libya,1920,619.241
438,Liechtenstein,1920,12
440,Lithuania,1920,2230
442,Luxembourg,1920,269
450,Madagascar,1920,2656.031
454,Malawi,1920,1807.28
458,Malaysia,1920,3545
462,Maldives,1920,70
466,Mali,1920,2150.95
470,Malta,1920,225
478,Mauritania,1920,434.0986
480,Mauritius,1920,376
484,Mexico,1920,14900
492,Monaco,1920,22
504,Morocco,1920,5797.281
508,Mozambique,1920,3967.482
104,Myanmar,1920,13096
516,Namibia,1920,266.7305
520,Nauru,1920,2
528,Netherlands,1920,6848
554,New Zealand,1920,1241
558,Nicaragua,1920,640
562,Niger,1920,1426.644
566,Nigeria,1920,20911.38
578,Norway,1920,2635
586,Pakistan,1920,22812
591,Panama,1920,487
598,Papua New Guinea,1920,483
600,Paraguay,1920,699
604,Peru,1920,4690
608,Philippines,1920,10725
616,Poland,1920,23968
620,Portugal,1920,6029
642,Romania,1920,12340
646,Rwanda,1920,1356.244
882,Samoa,1920,36
674,San Marino,1920,13
678,Sao Tome and Principe,1920,56
686,Senegal,1920,1595.249
690,Seychelles,1920,25
694,Sierra Leone,1920,1219.491
702,Singapore,1920,391
90,Solomon Is.,1920,151
706,Somalia,1920,1630.786
710,South Africa,1920,6825.114
410,South Korea,1920,11804
724,Spain,1920,21232
144,Sri Lanka,1920,5250
659,St. Kitts and Nevis,1920,37
662,St. Lucia,1920,52
670,St. Vincent and the Grenadines,1920,44
740,Suriname,1920,136
748,Swaziland,1920,150.139
752,Sweden,1920,5876
756,Switzerland,1920,3877
834,Tanzania,1920,4798.922
764,Thailand,1920,9802
270,The Gambia,1920,184.4292
626,Timor Leste,1920,398
768,Togo,1920,833.6951
776,Tonga,1920,25
780,Trinidad and Tobago,1920,389
788,Tunisia,1920,2265.435
792,Turkey,1920,13877
800,Uganda,1920,3172.594
826,United Kingdom,1920,46821
840,United States,1920,106881
858,Uruguay,1920,1371
548,Vanuatu,1920,60
862,Venezuela,1920,2992
894,Zambia,1920,1513.699
716,Zimbabwe,1920,1510.74
4,Afghanistan,1930,7000
8,Albania,1930,982
12,Algeria,1930,6452.568
20,Andorra,1930,5
24,Angola,1930,3019.823
28,Antigua and Barbuda,1930,31
32,Argentina,1930,11896
36,Australia,1930,6469
40,Austria,1930,6684
44,Bahamas,1930,60
48,Bahrain,1930,120
50,Bangladesh,1930,34427
52,Barbados,1930,174
56,Belgium,1930,8076
84,Belize,1930,51
204,Benin,1930,1459.678
64,Bhutan,1930,250
68,Bolivia,1930,2397
72,Botswana,1930,279.5294
76,Brazil,1930,33568
96,Brunei,1930,30
100,Bulgaria,1930,6027
854,Burkina Faso,1930,3016.255
108,Burundi,1930,1788.014
116,Cambodia,1930,2806
120,Cameroon,1930,3323.212
124,Canada,1930,10488
132,Cape Verde,1930,146
140,Central African Republic,1930,995.0689
148,Chad,1930,1839.439
152,Chile,1930,4265.756
156,China,1930,489000
170,Colombia,1930,7914
178,Congo,1930,588.2393
180,"Congo, DRC",1930,9186.081
188,Costa Rica,1930,500
384,Cote d'Ivoire,1930,1823.687
192,Cuba,1930,3837
196,Cyprus,1930,348
208,Denmark,1930,3542
262,Djibouti,1930,49.33168
212,Dominica,1930,43
214,Dominican Republic,1930,1256
218,Ecuador,1930,1944
818,Egypt,1930,14679.85
222,El Salvador,1930,1440
226,Equatorial Guinea,1930,129.3862
232,Eritrea,1930,907.8621
233,Estonia,1930,1124
231,Ethiopia,1930,18434
242,Fiji,1930,198
246,Finland,1930,3449
250,France,1930,41610
266,Gabon,1930,355.1654
276,Germany,1930,65084
288,Ghana,1930,3817.003
300,Greece,1930,6351
308,Grenada,1930,79
320,Guatemala,1930,1771
324,Guinea,1930,1906.682
624,Guinea-Bissau,1930,367.6496
328,Guyana,1930,311
332,Haiti,1930,2422
340,Honduras,1930,950
348,Hungary,1930,8649
352,Iceland,1930,109
356,India,1930,336400
364,Iran,1930,12590
368,Iraq,1930,3605
372,Ireland,1930,2927
376,Israel,1930,588.805
380,Italy,1930,40791
388,Jamaica,1930,1009
392,Japan,1930,64203
400,Jordan,1930,300
404,Kenya,1930,4424.171
418,Laos,1930,944
428,Latvia,1930,1900
426,Lesotho,1930,496.999
430,Liberia,1930,599.8876
434,Libya,1930,691.8368
438,Liechtenstein,1930,12
440,Lithuania,1930,2422
442,Luxembourg,1930,300
450,Madagascar,1930,3082.432
454,Malawi,1930,2097.423
458,Malaysia,1930,4413
462,Maldives,1930,79
466,Mali,1930,2471.78
470,Malta,1930,241
584,Marshall Is.,1930,73
478,Mauritania,1930,503.7891
480,Mauritius,1930,393
484,Mexico,1930,17175
492,Monaco,1930,25
504,Morocco,1930,6472.49
508,Mozambique,1930,4604.425
104,Myanmar,1930,14515
516,Namibia,1930,328.3985
520,Nauru,1930,3
524,Nepal,1930,5600
528,Netherlands,1930,7884
554,New Zealand,1930,1493
558,Nicaragua,1930,680
562,Niger,1930,1639.438
566,Nigeria,1930,24494.38
578,Norway,1930,2807
591,Panama,1930,515
598,Papua New Guinea,1930,520
600,Paraguay,1930,880
604,Peru,1930,5480
608,Philippines,1930,13194
616,Poland,1930,28204
620,Portugal,1930,6784
642,Romania,1930,14141
646,Rwanda,1930,1573.977
882,Samoa,1930,56
674,San Marino,1930,13
678,Sao Tome and Principe,1930,60
686,Senegal,1930,1851.352
690,Seychelles,1930,27
694,Sierra Leone,1930,1415.269
702,Singapore,1930,596
90,Solomon Is.,1930,94
706,Somalia,1930,1801.402
710,South Africa,1930,8403.076
410,South Korea,1930,13900
724,Spain,1930,23445
144,Sri Lanka,1930,5707
659,St. Kitts and Nevis,1930,36
662,St. Lucia,1930,60
670,St. Vincent and the Grenadines,1930,48
740,Suriname,1930,153
748,Swaziland,1930,184.8511
752,Sweden,1930,6131
756,Switzerland,1930,4051
834,Tanzania,1930,5569.345
764,Thailand,1930,12392
270,The Gambia,1930,214.0376
626,Timor Leste,1930,472
768,Togo,1930,967.5372
776,Tonga,1930,29
780,Trinidad and Tobago,1930,405
788,Tunisia,1930,2529.29
792,Turkey,1930,14928
800,Uganda,1930,3755.122
826,United Kingdom,1930,45866
840,United States,1930,123668
858,Uruguay,1930,1713
548,Vanuatu,1930,60
862,Venezuela,1930,3300
704,Vietnam,1930,17702
894,Zambia,1930,1756.71
716,Zimbabwe,1930,1860.022
4,Afghanistan,1940,7000
8,Albania,1940,1088
12,Algeria,1940,7689.043
24,Angola,1940,3470.252
28,Antigua and Barbuda,1940,42
32,Argentina,1940,14169
36,Australia,1940,7042
40,Austria,1940,6705
44,Bahamas,1940,69
48,Bahrain,1940,120
50,Bangladesh,1940,41966
52,Barbados,1940,194
56,Belgium,1940,8346
84,Belize,1940,59
204,Benin,1940,1677.4
64,Bhutan,1940,250
68,Bolivia,1940,2690
72,Botswana,1940,341.3618
76,Brazil,1940,41114
96,Brunei,1940,41
100,Bulgaria,1940,6666
854,Burkina Faso,1940,3398.39
108,Burundi,1940,2054.71
116,Cambodia,1940,3046
120,Cameroon,1940,3777.105
124,Canada,1940,11688
132,Cape Verde,1940,182
140,Central African Republic,1940,1121.136
148,Chad,1940,2072.48
152,Chile,1940,5056.404
156,China,1940,518770
170,Colombia,1940,9174
178,Congo,1940,675.9796
180,"Congo, DRC",1940,10372.6
188,Costa Rica,1940,620
384,Cote d'Ivoire,1940,2095.704
192,Cuba,1940,4566
196,Cyprus,1940,450
208,Denmark,1940,3832
262,Djibouti,1940,53.42337
212,Dominica,1940,48
214,Dominican Republic,1940,1674
218,Ecuador,1940,2466
818,Egypt,1940,16812.18
222,El Salvador,1940,1630
226,Equatorial Guinea,1940,145.7784
232,Eritrea,1940,983.1623
233,Estonia,1940,1122
231,Ethiopia,1940,18434
242,Fiji,1940,260
246,Finland,1940,3698
250,France,1940,41000
266,Gabon,1940,400.1619
276,Germany,1940,69835
288,Ghana,1940,4386.338
300,Greece,1940,7280
308,Grenada,1940,90
320,Guatemala,1940,2200
324,Guinea,1940,2191.077
624,Guinea-Bissau,1940,422.4872
328,Guyana,1940,347
332,Haiti,1940,2751
340,Honduras,1940,1150
348,Hungary,1940,9287
352,Iceland,1940,121
356,India,1940,386800
364,Iran,1940,15000
368,Iraq,1940,3700
372,Ireland,1940,2958
376,Israel,1940,889.866
380,Italy,1940,44341
388,Jamaica,1940,1212
392,Japan,1940,72967
400,Jordan,1940,300
404,Kenya,1940,5084.069
418,Laos,1940,1012
428,Latvia,1940,1951
426,Lesotho,1940,606.9361
430,Liberia,1940,689.3653
434,Libya,1940,792.3301
440,Lithuania,1940,2442
442,Luxembourg,1940,301
450,Madagascar,1940,3542.2
454,Malawi,1940,2410.269
458,Malaysia,1940,5434
462,Maldives,1940,86
466,Mali,1940,2812.576
470,Malta,1940,270
478,Mauritania,1940,578.933
480,Mauritius,1940,419
484,Mexico,1940,20393
492,Monaco,1940,24
504,Morocco,1940,7712.783
508,Mozambique,1940,5291.209
104,Myanmar,1940,16594
516,Namibia,1940,401.0409
520,Nauru,1940,3
524,Nepal,1940,5600
528,Netherlands,1940,8879
554,New Zealand,1940,1636
558,Nicaragua,1940,830
562,Niger,1940,1865.475
566,Nigeria,1940,28411.22
578,Norway,1940,2973
591,Panama,1940,697
600,Paraguay,1940,1111
604,Peru,1940,6440
608,Philippines,1940,16585
616,Poland,1940,30021
620,Portugal,1940,7675
642,Romania,1940,15907
646,Rwanda,1940,1808.747
882,Samoa,1940,68
674,San Marino,1940,15
678,Sao Tome and Principe,1940,61
686,Senegal,1940,2127.495
690,Seychelles,1940,32
694,Sierra Leone,1940,1626.367
702,Singapore,1940,751
90,Solomon Is.,1940,95
706,Somalia,1940,1950.815
710,South Africa,1940,10261.85
410,South Korea,1940,15627
724,Spain,1940,25757
144,Sri Lanka,1940,6134
659,St. Kitts and Nevis,1940,38
662,St. Lucia,1940,70
670,St. Vincent and the Grenadines,1940,62
740,Suriname,1940,184
748,Swaziland,1940,225.7405
752,Sweden,1940,6356
756,Switzerland,1940,4226
834,Tanzania,1940,6400.054
764,Thailand,1940,15513
270,The Gambia,1940,245.9629
626,Timor Leste,1940,451
768,Togo,1940,1111.853
776,Tonga,1940,34
780,Trinidad and Tobago,1940,476
788,Tunisia,1940,3013.966
792,Turkey,1940,17821
800,Uganda,1940,4315.226
826,United Kingdom,1940,48226
840,United States,1940,132637
858,Uruguay,1940,1965
548,Vanuatu,1940,50
862,Venezuela,1940,3784
704,Vietnam,1940,18972
894,Zambia,1940,2018.736
716,Zimbabwe,1940,2271.462
4,Afghanistan,1950,8150.368
8,Albania,1950,1227.156
12,Algeria,1950,8925.443
20,Andorra,1950,6.176
24,Angola,1950,4148
28,Antigua and Barbuda,1950,45.816
32,Argentina,1950,17150.34
51,Armenia,1950,1355.269
36,Australia,1950,8267.337
40,Austria,1950,6935.1
31,Azerbaijan,1950,2885.332
44,Bahamas,1950,70.498
48,Bahrain,1950,114.84
50,Bangladesh,1950,45645.96
52,Barbados,1950,210.666
112,Belarus,1950,7722.155
56,Belgium,1950,8639.369
84,Belize,1950,65.797
204,Benin,1950,2005
64,Bhutan,1950,164
68,Bolivia,1950,2766.028
70,Bosnia and Herzegovina,1950,2662
72,Botswana,1950,412.827
76,Brazil,1950,53443.07
96,Brunei,1950,44.983
100,Bulgaria,1950,7250.5
854,Burkina Faso,1950,3983
108,Burundi,1950,2456
116,Cambodia,1950,4471.17
120,Cameroon,1950,4466
124,Canada,1950,14011.42
132,Cape Verde,1950,146.403
140,Central African Republic,1950,1314
148,Chad,1950,2429
152,Chile,1950,6090.833
156,China,1950,546815
170,Colombia,1950,11591.66
174,Comoros,1950,148.057
178,Congo,1950,808
180,"Congo, DRC",1950,12184
188,Costa Rica,1950,866.982
384,Cote d'Ivoire,1950,2505
191,Croatia,1950,3837.297
192,Cuba,1950,5784.797
196,Cyprus,1950,494
203,Czech Republic,1950,8925.122
208,Denmark,1950,4271
262,Djibouti,1950,62
212,Dominica,1950,51.423
214,Dominican Republic,1950,2352.968
218,Ecuador,1950,3369.955
818,Egypt,1950,21834
222,El Salvador,1950,1939.8
226,Equatorial Guinea,1950,226
232,Eritrea,1950,1141
233,Estonia,1950,1095.61
231,Ethiopia,1950,18434
242,Fiji,1950,287.348
246,Finland,1950,4008.9
250,France,1950,42518
266,Gabon,1950,469
268,Georgia,1950,3515.602
276,Germany,1950,68374.57
288,Ghana,1950,5243
300,Greece,1950,7566.028
308,Grenada,1950,75.806
320,Guatemala,1950,2968.976
324,Guinea,1950,2619
624,Guinea-Bissau,1950,505
328,Guyana,1950,427.971
332,Haiti,1950,3097.22
340,Honduras,1950,1431.447
348,Hungary,1950,9338
352,Iceland,1950,142.938
356,India,1950,359000
364,Iran,1950,16357
368,Iraq,1950,5163.443
372,Ireland,1950,2963.018
376,Israel,1950,1286.131
380,Italy,1950,47105
388,Jamaica,1950,1384.55
392,Japan,1950,83805
400,Jordan,1950,561.254
398,Kazakhstan,1950,6693.23
404,Kenya,1950,6077
296,Kiribati,1950,33.448
414,Kuwait,1950,144.774
417,Kyrgyzstan,1950,1738.961
418,Laos,1950,1885.984
428,Latvia,1950,1936.498
422,Lebanon,1950,1364.03
426,Lesotho,1950,734
430,Liberia,1950,824
434,Libya,1950,1029
438,Liechtenstein,1950,13.5
440,Lithuania,1950,2553.159
442,Luxembourg,1950,295.587
807,Macedonia,1950,1224.627
450,Madagascar,1950,4234
454,Malawi,1950,2881
458,Malaysia,1950,6433.799
462,Maldives,1950,79.293
466,Mali,1950,3329
470,Malta,1950,311.973
584,Marshall Is.,1950,10.904
478,Mauritania,1950,692
480,Mauritius,1950,481.27
484,Mexico,1950,28485.18
583,Micronesia,1950,30.715
498,Moldova,1950,2336.432
492,Monaco,1950,18.125
496,Mongolia,1950,778.555
499,Montenegro,1950,395.587
504,Morocco,1950,8953
508,Mozambique,1950,6324.595
104,Myanmar,1950,19487.66
516,Namibia,1950,485
520,Nauru,1950,3.432
524,Nepal,1950,8989.915
528,Netherlands,1950,10113.53
554,New Zealand,1950,1908.31
558,Nicaragua,1950,1097.916
562,Niger,1950,2208
566,Nigeria,1950,33960
408,North Korea,1950,9471.14
578,Norway,1950,3265.126
512,Oman,1950,488.588
586,Pakistan,1950,39448.23
585,Palau,1950,7.251
591,Panama,1950,892.502
598,Papua New Guinea,1950,1412.466
600,Paraguay,1950,1475.669
604,Peru,1950,7632.5
608,Philippines,1950,21131.26
616,Poland,1950,24824
620,Portugal,1950,8442.75
634,Qatar,1950,25.101
642,Romania,1950,16311
643,Russia,1950,101936.8
646,Rwanda,1950,2162
882,Samoa,1950,81.858
674,San Marino,1950,12.78
678,Sao Tome and Principe,1950,59.73
682,Saudi Arabia,1950,3859.801
686,Senegal,1950,2543
688,Serbia,1950,6710.261
690,Seychelles,1950,32.903
694,Sierra Leone,1950,1944
702,Singapore,1950,1022.1
703,Slovakia,1950,3463.446
705,Slovenia,1950,1467.759
90,Solomon Is.,1950,106.647
706,Somalia,1950,2264
710,South Africa,1950,12410.2
410,South Korea,1950,20845.77
724,Spain,1950,28062.96
144,Sri Lanka,1950,7533.097
659,St. Kitts and Nevis,1950,44.341
662,St. Lucia,1950,79.05
670,St. Vincent and the Grenadines,1950,66.452
740,Suriname,1950,208.068
748,Swaziland,1950,273
752,Sweden,1950,7014.005
756,Switzerland,1950,4694
760,Syria,1950,3495
762,Tajikistan,1950,1530.047
834,Tanzania,1950,7650
764,Thailand,1950,20041.63
270,The Gambia,1950,294
626,Timor Leste,1950,442
768,Togo,1950,1329
776,Tonga,1950,45.744
780,Trinidad and Tobago,1950,632
788,Tunisia,1950,3498.613
792,Turkey,1950,21121.64
795,Turkmenistan,1950,1204.075
798,Tuvalu,1950,4.676
800,Uganda,1950,5158
804,Ukraine,1950,36774.85
784,United Arab Emirates,1950,71.52
826,United Kingdom,1950,50127
840,United States,1950,152271
858,Uruguay,1950,2194.275
860,Uzbekistan,1950,6292.797
548,Vanuatu,1950,52
862,Venezuela,1950,5009.006
704,Vietnam,1950,25348.14
887,Yemen,1950,4777.089
894,Zambia,1950,2413
716,Zimbabwe,1950,2747
4,Afghanistan,1960,9829.45
8,Albania,1960,1623.114
12,Algeria,1960,10784
20,Andorra,1960,8.392
24,Angola,1960,5012
28,Antigua and Barbuda,1960,54.5
32,Argentina,1960,20616.01
51,Armenia,1960,1868.852
36,Australia,1960,10361.27
40,Austria,1960,7047.437
31,Azerbaijan,1960,3881.546
44,Bahamas,1960,112.234
48,Bahrain,1960,156.648
50,Bangladesh,1960,54593
52,Barbados,1960,232.339
112,Belarus,1960,8167.918
56,Belgium,1960,9118.7
84,Belize,1960,91.863
204,Benin,1960,2316
64,Bhutan,1960,212
68,Bolivia,1960,3434.073
70,Bosnia and Herzegovina,1960,3240
72,Botswana,1960,528.827
76,Brazil,1960,71694.81
96,Brunei,1960,83.037
100,Bulgaria,1960,7867.374
854,Burkina Faso,1960,4563
108,Burundi,1960,2940
116,Cambodia,1960,5761.223
120,Cameroon,1960,5408
124,Canada,1960,18266.76
132,Cape Verde,1960,196.768
140,Central African Republic,1960,1530
148,Chad,1960,2967
152,Chile,1960,7585.349
156,China,1960,667070
170,Colombia,1960,15952.73
174,Comoros,1960,182.899
178,Congo,1960,1003
180,"Congo, DRC",1960,15451
188,Costa Rica,1960,1248.022
384,Cote d'Ivoire,1960,3557
191,Croatia,1960,4036.145
192,Cuba,1960,7027.21
196,Cyprus,1960,573
203,Czech Republic,1960,9659.818
208,Denmark,1960,4581
262,Djibouti,1960,85
212,Dominica,1960,60.256
214,Dominican Republic,1960,3231.488
218,Ecuador,1960,4415.956
818,Egypt,1960,27840
222,El Salvador,1960,2581.583
226,Equatorial Guinea,1960,252
232,Eritrea,1960,1424
233,Estonia,1960,1210.647
231,Ethiopia,1960,22942
242,Fiji,1960,393.348
246,Finland,1960,4429.6
250,France,1960,46584
266,Gabon,1960,486
268,Georgia,1960,4146.57
276,Germany,1960,72480.87
288,Ghana,1960,7126
300,Greece,1960,8327.405
308,Grenada,1960,90.148
320,Guatemala,1960,4100
324,Guinea,1960,3118
624,Guinea-Bissau,1960,554
328,Guyana,1960,571.083
332,Haiti,1960,3679
340,Honduras,1960,1951.64
348,Hungary,1960,9983.512
352,Iceland,1960,175.86
356,India,1960,434000
364,Iran,1960,21548
368,Iraq,1960,6822.03
372,Ireland,1960,2832
376,Israel,1960,2141.495
380,Italy,1960,50197.6
388,Jamaica,1960,1631.784
392,Japan,1960,94091.64
400,Jordan,1960,848.515
398,Kazakhstan,1960,9982.014
404,Kenya,1960,8115
296,Kiribati,1960,40.732
414,Kuwait,1960,292.229
417,Kyrgyzstan,1960,2171.285
418,Laos,1960,2309.365
428,Latvia,1960,2115.183
422,Lebanon,1960,1786.235
426,Lesotho,1960,849.074
430,Liberia,1960,1052
434,Libya,1960,1349
438,Liechtenstein,1960,16.426
440,Lithuania,1960,2764.864
442,Luxembourg,1960,313.969
807,Macedonia,1960,1366.198
450,Madagascar,1960,5371
454,Malawi,1960,3529
458,Malaysia,1960,8428.493
462,Maldives,1960,92.247
466,Mali,1960,4015
470,Malta,1960,328.517
584,Marshall Is.,1960,15.12
478,Mauritania,1960,892
480,Mauritius,1960,663.229
484,Mexico,1960,38578.5
583,Micronesia,1960,41.777
498,Moldova,1960,2998.981
492,Monaco,1960,20.757
496,Mongolia,1960,954.652
499,Montenegro,1960,461.487
504,Morocco,1960,11626
508,Mozambique,1960,7528.595
104,Myanmar,1960,22839
516,Namibia,1960,599
520,Nauru,1960,4.475
524,Nepal,1960,10034.72
528,Netherlands,1960,11486
554,New Zealand,1960,2371.746
558,Nicaragua,1960,1492.698
562,Niger,1960,3053
566,Nigeria,1960,42356
408,North Korea,1960,10391.91
578,Norway,1960,3581.239
512,Oman,1960,599.292
586,Pakistan,1960,50386.9
585,Palau,1960,9.482
591,Panama,1960,1147.61
598,Papua New Guinea,1960,1746.986
600,Paraguay,1960,1909.538
604,Peru,1960,9931
608,Philippines,1960,28528.94
616,Poland,1960,29589.84
620,Portugal,1960,9036.7
634,Qatar,1960,46
642,Romania,1960,18403.41
643,Russia,1960,119631.6
646,Rwanda,1960,2887
882,Samoa,1960,110.043
674,San Marino,1960,15.406
678,Sao Tome and Principe,1960,63.403
682,Saudi Arabia,1960,4718.301
686,Senegal,1960,3277
688,Serbia,1960,7470.936
690,Seychelles,1960,41.662
694,Sierra Leone,1960,2256
702,Singapore,1960,1646.4
703,Slovakia,1960,3994.27
705,Slovenia,1960,1557.756
90,Solomon Is.,1960,126.363
706,Somalia,1960,2819
710,South Africa,1960,16003
410,South Korea,1960,24784.14
724,Spain,1960,30641.19
144,Sri Lanka,1960,9913
659,St. Kitts and Nevis,1960,51.112
662,St. Lucia,1960,87.687
670,St. Vincent and the Grenadines,1960,81.021
740,Suriname,1960,284
748,Swaziland,1960,347.081
752,Sweden,1960,7480.395
756,Switzerland,1960,5362
760,Syria,1960,4532.557
762,Tajikistan,1960,2080.556
834,Tanzania,1960,10072
764,Thailand,1960,27512.75
270,The Gambia,1960,360
626,Timor Leste,1960,517
768,Togo,1960,1572
776,Tonga,1960,63.718
780,Trinidad and Tobago,1960,841.15
788,Tunisia,1960,4221
792,Turkey,1960,28217.12
795,Turkmenistan,1960,1584.82
798,Tuvalu,1960,5.264
800,Uganda,1960,6787
804,Ukraine,1960,42644.04
784,United Arab Emirates,1960,103.048
826,United Kingdom,1960,52372
840,United States,1960,180671
858,Uruguay,1960,2530.969
860,Uzbekistan,1960,8531.032
548,Vanuatu,1960,66.087
862,Venezuela,1960,7556.483
704,Vietnam,1960,31656.28
887,Yemen,1960,5871.831
894,Zambia,1960,3138
716,Zimbabwe,1960,3751
4,Afghanistan,1970,12430.62
8,Albania,1970,2156.612
12,Algeria,1970,13931.85
20,Andorra,1970,19.545
24,Angola,1970,5605.626
28,Antigua and Barbuda,1970,65.624
32,Argentina,1970,23962.31
51,Armenia,1970,2519.745
36,Australia,1970,12660.16
40,Austria,1970,7467.086
31,Azerbaijan,1970,5168.973
44,Bahamas,1970,170.323
48,Bahrain,1970,219.543
50,Bangladesh,1970,67331
52,Barbados,1970,238.756
112,Belarus,1970,9027.198
56,Belgium,1970,9637.8
84,Belize,1970,122.07
204,Benin,1970,2619.809
64,Bhutan,1970,309
68,Bolivia,1970,4346.218
70,Bosnia and Herzegovina,1970,3703
72,Botswana,1970,583.999
76,Brazil,1970,95684.3
96,Brunei,1970,127.554
100,Bulgaria,1970,8489.574
854,Burkina Faso,1970,5303.777
108,Burundi,1970,3521.913
116,Cambodia,1970,7396
120,Cameroon,1970,6726.733
124,Canada,1970,21749.99
132,Cape Verde,1970,268.867
140,Central African Republic,1970,1839.245
148,Chad,1970,3727
152,Chile,1970,9368.558
156,China,1970,818315
170,Colombia,1970,21429.66
174,Comoros,1970,236.252
178,Congo,1970,1272.408
180,"Congo, DRC",1970,21780.96
188,Costa Rica,1970,1735.523
384,Cote d'Ivoire,1970,5579
191,Croatia,1970,4205.389
192,Cuba,1970,8542.746
196,Cyprus,1970,614.6
203,Czech Republic,1970,9795.226
208,Denmark,1970,4928.757
262,Djibouti,1970,158.034
212,Dominica,1970,70.764
214,Dominican Republic,1970,4422.755
218,Ecuador,1970,5939.246
818,Egypt,1970,33574.03
222,El Salvador,1970,3603.907
226,Equatorial Guinea,1970,270.435
232,Eritrea,1970,2160.46
233,Estonia,1970,1363.183
231,Ethiopia,1970,29468.5
242,Fiji,1970,521
246,Finland,1970,4606.307
250,France,1970,51918
266,Gabon,1970,514.597
268,Georgia,1970,4694.491
276,Germany,1970,77783.16
288,Ghana,1970,8788.945
300,Greece,1970,8792.806
308,Grenada,1970,95.41
320,Guatemala,1970,5264
324,Guinea,1970,3643
624,Guinea-Bissau,1970,620.02
328,Guyana,1970,714.811
332,Haiti,1970,4541
340,Honduras,1970,2760.666
348,Hungary,1970,10337
352,Iceland,1970,204.104
356,India,1970,541000
364,Iran,1970,28854
368,Iraq,1970,9413.671
372,Ireland,1970,2950.1
376,Israel,1970,2903.434
380,Italy,1970,53661.1
388,Jamaica,1970,1943.787
392,Japan,1970,104345
400,Jordan,1970,1502.959
398,Kazakhstan,1970,13106.38
404,Kenya,1970,11247.18
296,Kiribati,1970,48.899
414,Kuwait,1970,747.502
417,Kyrgyzstan,1970,2963.792
418,Laos,1970,2844.851
428,Latvia,1970,2361.159
422,Lebanon,1970,2383.029
426,Lesotho,1970,1067.136
430,Liberia,1970,1396.565
434,Libya,1970,1999.162
438,Liechtenstein,1970,21.103
440,Lithuania,1970,3137.562
442,Luxembourg,1970,339.174
807,Macedonia,1970,1574.407
450,Madagascar,1970,6765.644
454,Malawi,1970,4508
458,Malaysia,1970,10910.22
462,Maldives,1970,114.572
466,Mali,1970,5546
470,Malta,1970,325.569
584,Marshall Is.,1970,21.714
478,Mauritania,1970,1289.42
480,Mauritius,1970,829.511
484,Mexico,1970,52775.16
583,Micronesia,1970,56.822
498,Moldova,1970,3594.517
492,Monaco,1970,23.752
496,Mongolia,1970,1247.6
499,Montenegro,1970,514.472
504,Morocco,1970,15909.27
508,Mozambique,1970,9304.375
104,Myanmar,1970,27393
516,Namibia,1970,764.683
520,Nauru,1970,6.7
524,Nepal,1970,11918.68
528,Netherlands,1970,13032.33
554,New Zealand,1970,2828.05
558,Nicaragua,1970,2052.544
562,Niger,1970,4840.501
566,Nigeria,1970,55586
408,North Korea,1970,13911.9
578,Norway,1970,3877.386
512,Oman,1970,778.536
586,Pakistan,1970,65705.96
585,Palau,1970,12.005
591,Panama,1970,1531.038
598,Papua New Guinea,1970,2288.056
600,Paraguay,1970,2476.785
604,Peru,1970,13192.8
608,Philippines,1970,38603.7
616,Poland,1970,32526
620,Portugal,1970,9044.2
634,Qatar,1970,115
642,Romania,1970,20252.54
643,Russia,1970,130245.5
646,Rwanda,1970,3769.171
882,Samoa,1970,142.331
674,San Marino,1970,19.189
678,Sao Tome and Principe,1970,73.631
682,Saudi Arabia,1970,6109.051
686,Senegal,1970,4317.891
688,Serbia,1970,8166.726
690,Seychelles,1970,54.106
694,Sierra Leone,1970,2789.306
702,Singapore,1970,2074.507
703,Slovakia,1970,4523.873
705,Slovenia,1970,1675.739
90,Solomon Is.,1970,163
706,Somalia,1970,3666.949
710,South Africa,1970,22739.92
410,South Korea,1970,32241
724,Spain,1970,33876.48
144,Sri Lanka,1970,12619
659,St. Kitts and Nevis,1970,46.116
662,St. Lucia,1970,102.704
670,St. Vincent and the Grenadines,1970,87.51
740,Suriname,1970,372
748,Swaziland,1970,455.145
752,Sweden,1970,8042.803
756,Switzerland,1970,6267
760,Syria,1970,6258.053
762,Tajikistan,1970,2938.516
834,Tanzania,1970,13806.87
764,Thailand,1970,37090.87
270,The Gambia,1970,484.58
626,Timor Leste,1970,609
768,Togo,1970,1964.128
776,Tonga,1970,83.1
780,Trinidad and Tobago,1970,955
788,Tunisia,1970,5098.627
792,Turkey,1970,35758.38
795,Turkmenistan,1970,2181.272
798,Tuvalu,1970,5.815
800,Uganda,1970,9743
804,Ukraine,1970,47235.7
784,United Arab Emirates,1970,249.369
826,United Kingdom,1970,55632
840,United States,1970,205052
858,Uruguay,1970,2823.659
860,Uzbekistan,1970,11940.16
548,Vanuatu,1970,85.4
862,Venezuela,1970,10758.02
704,Vietnam,1970,42576.68
887,Yemen,1970,7098.239
894,Zambia,1970,4251.612
716,Zimbabwe,1970,5514.536
4,Afghanistan,1980,15112.15
8,Albania,1980,2671.412
12,Algeria,1980,18806.06
20,Andorra,1980,33.584
24,Angola,1980,6743
28,Antigua and Barbuda,1980,68.546
32,Argentina,1980,28369.8
51,Armenia,1980,3115.289
36,Australia,1980,14615.9
40,Austria,1980,7549.433
31,Azerbaijan,1980,6173.361
44,Bahamas,1980,209.944
48,Bahrain,1980,347.568
50,Bangladesh,1980,87937
52,Barbados,1980,251.966
112,Belarus,1980,9643.706
56,Belgium,1980,9846.8
84,Belize,1980,144.416
204,Benin,1980,3458
64,Bhutan,1980,446
68,Bolivia,1980,5441.298
70,Bosnia and Herzegovina,1980,4092
72,Botswana,1980,900.476
76,Brazil,1980,123020
96,Brunei,1980,185.22
100,Bulgaria,1980,8843.528
854,Burkina Faso,1980,6318
108,Burundi,1980,4299.555
116,Cambodia,1980,6888
120,Cameroon,1980,8762
124,Canada,1980,24593.3
132,Cape Verde,1980,296.042
140,Central African Republic,1980,2349
148,Chad,1980,4522
152,Chile,1980,11093.72
156,China,1980,981861
170,Colombia,1980,26631
174,Comoros,1980,333.513
178,Congo,1980,1674.005
180,"Congo, DRC",1980,29013
188,Costa Rica,1980,2299.124
384,Cote d'Ivoire,1980,8593
191,Croatia,1980,4383
192,Cuba,1980,9652.975
196,Cyprus,1980,611
203,Czech Republic,1980,10288.73
208,Denmark,1980,5123.027
262,Djibouti,1980,279.149
212,Dominica,1980,74
214,Dominican Republic,1980,5696.855
218,Ecuador,1980,7920.499
818,Egypt,1980,42634.21
222,El Salvador,1980,4566.199
226,Equatorial Guinea,1980,256.009
232,Eritrea,1980,2568.741
233,Estonia,1980,1482.196
231,Ethiopia,1980,36036
242,Fiji,1980,634.506
246,Finland,1980,4779.535
250,France,1980,55110
266,Gabon,1980,713.502
268,Georgia,1980,5045.697
276,Germany,1980,78297.9
288,Ghana,1980,11017
300,Greece,1980,9642.505
308,Grenada,1980,90.164
320,Guatemala,1980,6650
324,Guinea,1980,4447
624,Guinea-Bissau,1980,789.053
328,Guyana,1980,759.352
332,Haiti,1980,5200
340,Honduras,1980,3401.94
348,Hungary,1980,10711.12
352,Iceland,1980,228.161
356,India,1980,679000
364,Iran,1980,39422
368,Iraq,1980,13232.84
372,Ireland,1980,3401
376,Israel,1980,3737.473
380,Italy,1980,56451.25
388,Jamaica,1980,2228.803
392,Japan,1980,116807.3
400,Jordan,1980,2162.807
398,Kazakhstan,1980,14966.72
404,Kenya,1980,16331.4
296,Kiribati,1980,57.536
414,Kuwait,1980,1369.769
417,Kyrgyzstan,1980,3622.728
418,Laos,1980,3293.159
428,Latvia,1980,2524.543
422,Lebanon,1980,3087
426,Lesotho,1980,1345
430,Liberia,1980,1848.979
434,Libya,1980,3065.365
438,Liechtenstein,1980,25.074
440,Lithuania,1980,3435.289
442,Luxembourg,1980,364.4
807,Macedonia,1980,1792
450,Madagascar,1980,8691
454,Malawi,1980,6129.035
458,Malaysia,1980,13764.35
462,Maldives,1980,153
466,Mali,1980,6758
470,Malta,1980,364.001
584,Marshall Is.,1980,30.681
478,Mauritania,1980,1545
480,Mauritius,1980,963.701
484,Mexico,1980,68347.48
583,Micronesia,1980,77.08
498,Moldova,1980,3996.278
492,Monaco,1980,26.551
496,Mongolia,1980,1662.38
499,Montenegro,1980,560
504,Morocco,1980,19487.27
508,Mozambique,1980,12102.62
104,Myanmar,1980,33373.32
516,Namibia,1980,1058.021
520,Nauru,1980,7.71
524,Nepal,1980,14665
528,Netherlands,1980,14143.9
554,New Zealand,1980,3170.15
558,Nicaragua,1980,2805.321
562,Niger,1980,6093
566,Nigeria,1980,74821
408,North Korea,1980,17113.63
578,Norway,1980,4085.62
512,Oman,1980,1174.857
586,Pakistan,1980,85219.12
585,Palau,1980,13.311
591,Panama,1980,1960
598,Papua New Guinea,1980,2991.217
600,Paraguay,1980,3196
604,Peru,1980,17295.3
608,Philippines,1980,50940.18
616,Poland,1980,35578.02
620,Portugal,1980,9777.8
634,Qatar,1980,237
642,Romania,1980,22130.04
643,Russia,1980,139038.8
646,Rwanda,1980,5138
882,Samoa,1980,155.177
674,San Marino,1980,21.463
678,Sao Tome and Principe,1980,94.071
682,Saudi Arabia,1980,9999.161
686,Senegal,1980,5787
688,Serbia,1980,8955
690,Seychelles,1980,66.489
694,Sierra Leone,1980,3335
702,Singapore,1980,2413.9
703,Slovakia,1980,4965.958
705,Slovenia,1980,1833
90,Solomon Is.,1980,233
706,Somalia,1980,5794
710,South Africa,1980,29251.59
410,South Korea,1980,38124
724,Spain,1980,37488.36
144,Sri Lanka,1980,15056
659,St. Kitts and Nevis,1980,44.186
662,St. Lucia,1980,122.477
670,St. Vincent and the Grenadines,1980,98.139
740,Suriname,1980,354
748,Swaziland,1980,611.447
752,Sweden,1980,8310.473
756,Switzerland,1980,6385.229
760,Syria,1980,8773.582
762,Tajikistan,1980,3966
834,Tanzania,1980,18665
764,Thailand,1980,47025.76
270,The Gambia,1980,670.523
626,Timor Leste,1980,555
768,Togo,1980,2481.375
776,Tonga,1980,91.361
780,Trinidad and Tobago,1980,1090.513
788,Tunisia,1980,6443.183
792,Turkey,1980,45048
795,Turkmenistan,1980,2875.133
798,Tuvalu,1980,7.49
800,Uganda,1980,12415
804,Ukraine,1980,50046.65
784,United Arab Emirates,1980,1000.285
826,United Kingdom,1980,56314
840,United States,1980,227726.5
858,Uruguay,1980,2919.851
860,Uzbekistan,1980,15994
548,Vanuatu,1980,116.771
862,Venezuela,1980,14767.89
704,Vietnam,1980,53715.2
887,Yemen,1980,9132.545
894,Zambia,1980,5699.777
716,Zimbabwe,1980,7169.968
4,Afghanistan,1990,14669.34
8,Albania,1990,3250.778
12,Algeria,1990,25089
20,Andorra,1990,52.837
24,Angola,1990,8297
28,Antigua and Barbuda,1990,64
32,Argentina,1990,33036
51,Armenia,1990,3376.783
36,Australia,1990,16956
40,Austria,1990,7722.953
31,Azerbaijan,1990,7199.838
44,Bahamas,1990,257.253
48,Bahrain,1990,500.476
50,Bangladesh,1990,111437
52,Barbados,1990,262
112,Belarus,1990,10215.21
56,Belgium,1990,9969.31
84,Belize,1990,190.847
204,Benin,1990,4705
64,Bhutan,1990,615
68,Bolivia,1990,6573.9
70,Bosnia and Herzegovina,1990,4423.646
72,Botswana,1990,1265
76,Brazil,1990,151170
96,Brunei,1990,253
100,Bulgaria,1990,8894.028
854,Burkina Faso,1990,8361
108,Burundi,1990,5505.113
116,Cambodia,1990,9345
120,Cameroon,1990,11884
124,Canada,1990,27790.6
132,Cape Verde,1990,349.264
140,Central African Republic,1990,3085
148,Chad,1990,5841
152,Chile,1990,13129
156,China,1990,1135185
170,Colombia,1990,32957
174,Comoros,1990,429.01
178,Congo,1990,2266
180,"Congo, DRC",1990,39047
188,Costa Rica,1990,3027.175
384,Cote d'Ivoire,1990,12491
191,Croatia,1990,4508.347
192,Cuba,1990,10513
196,Cyprus,1990,681.349
203,Czech Republic,1990,10309.51
208,Denmark,1990,5140.954
262,Djibouti,1990,366.088
212,Dominica,1990,70
214,Dominican Republic,1990,7083
218,Ecuador,1990,10318.04
818,Egypt,1990,56683
222,El Salvador,1990,5099.884
226,Equatorial Guinea,1990,371
232,Eritrea,1990,3138
233,Estonia,1990,1569.322
231,Ethiopia,1990,48397
242,Fiji,1990,738.09
246,Finland,1990,4986.431
250,France,1990,58168
266,Gabon,1990,938
268,Georgia,1990,5426.207
276,Germany,1990,79380.39
288,Ghana,1990,15414
300,Greece,1990,10129.6
308,Grenada,1990,92.36
320,Guatemala,1990,8966
324,Guinea,1990,6118
624,Guinea-Bissau,1990,995.991
328,Guyana,1990,750.903
332,Haiti,1990,6289
340,Honduras,1990,4792.271
348,Hungary,1990,10371.88
352,Iceland,1990,254.719
356,India,1990,839000
364,Iran,1990,56669
368,Iraq,1990,18134.7
372,Ireland,1990,3508.2
376,Israel,1990,4478
380,Italy,1990,56742.89
388,Jamaica,1990,2347.922
392,Japan,1990,123537.4
400,Jordan,1990,3262.054
398,Kazakhstan,1990,16398.13
404,Kenya,1990,23354
296,Kiribati,1990,71.341
414,Kuwait,1990,2142.011
417,Kyrgyzstan,1990,4382.486
418,Laos,1990,4210.452
428,Latvia,1990,2663.59
422,Lebanon,1990,3150
426,Lesotho,1990,1721
430,Liberia,1990,2116.666
434,Libya,1990,4139.825
438,Liechtenstein,1990,28.796
440,Lithuania,1990,3694.836
442,Luxembourg,1990,382.966
807,Macedonia,1990,1861.361
450,Madagascar,1990,11633
454,Malawi,1990,9536
458,Malaysia,1990,17507
462,Maldives,1990,217
466,Mali,1990,8085
470,Malta,1990,359.107
584,Marshall Is.,1990,45.83
478,Mauritania,1990,1925
480,Mauritius,1990,1062
484,Mexico,1990,84913.65
583,Micronesia,1990,108.6
498,Moldova,1990,4397.798
492,Monaco,1990,29.972
496,Mongolia,1990,2218
499,Montenegro,1990,583.202
504,Morocco,1990,24735
508,Mozambique,1990,12667
104,Myanmar,1990,39243
516,Namibia,1990,1471.314
520,Nauru,1990,9.488
524,Nepal,1990,18918
528,Netherlands,1990,14951.51
554,New Zealand,1990,3414
558,Nicaragua,1990,3685
562,Niger,1990,7842
566,Nigeria,1990,96604
408,North Korea,1990,20018.55
578,Norway,1990,4242.006
512,Oman,1990,1772.974
586,Pakistan,1990,114607
585,Palau,1990,15.207
591,Panama,1990,2393
598,Papua New Guinea,1990,3824.787
600,Paraguay,1990,4244
604,Peru,1990,21600
608,Philippines,1990,65088
616,Poland,1990,38119.41
620,Portugal,1990,9922.689
634,Qatar,1990,446
642,Romania,1990,22865.94
643,Russia,1990,147973
646,Rwanda,1990,6982
882,Samoa,1990,172
674,San Marino,1990,23.469
678,Sao Tome and Principe,1990,119.453
682,Saudi Arabia,1990,16060.76
686,Senegal,1990,8001
688,Serbia,1990,9347.973
690,Seychelles,1990,73.439
694,Sierra Leone,1990,4226
702,Singapore,1990,3047.1
703,Slovakia,1990,5262.616
705,Slovenia,1990,1991.21
90,Solomon Is.,1990,334.524
706,Somalia,1990,6692
710,South Africa,1990,38476
410,South Korea,1990,42869
724,Spain,1990,39350.77
144,Sri Lanka,1990,17365
659,St. Kitts and Nevis,1990,42
662,St. Lucia,1990,138
670,St. Vincent and the Grenadines,1990,106.524
740,Suriname,1990,395
748,Swaziland,1990,884.616
752,Sweden,1990,8559
756,Switzerland,1990,6836.626
760,Syria,1990,12436.05
762,Tajikistan,1990,5272
834,Tanzania,1990,25214
764,Thailand,1990,55196.72
270,The Gambia,1990,949.255
626,Timor Leste,1990,748
768,Togo,1990,3504.813
776,Tonga,1990,92.073
780,Trinidad and Tobago,1990,1255
788,Tunisia,1990,8211
792,Turkey,1990,56561
795,Turkmenistan,1990,3658
798,Tuvalu,1990,9.168
800,Uganda,1990,17456
804,Ukraine,1990,51622.28
784,United Arab Emirates,1990,1826
826,United Kingdom,1990,57493.31
840,United States,1990,250131.9
858,Uruguay,1990,3110
860,Uzbekistan,1990,20530
548,Vanuatu,1990,153.785
862,Venezuela,1990,19325.22
704,Vietnam,1990,67282.7
887,Yemen,1990,12416.08
894,Zambia,1990,7978
716,Zimbabwe,1990,10156
4,Afghanistan,2000,23898.2
8,Albania,2000,3473.835
12,Algeria,2000,30429
20,Andorra,2000,66.824
24,Angola,2000,10377
28,Antigua and Barbuda,2000,75
32,Argentina,2000,37336
51,Armenia,2000,3042.556
36,Australia,2000,19053
40,Austria,2000,8113.413
31,Azerbaijan,2000,7809
44,Bahamas,2000,290.075
48,Bahrain,2000,634.137
50,Bangladesh,2000,136681
52,Barbados,2000,274
112,Belarus,2000,10366.72
56,Belgium,2000,10263.62
84,Belize,2000,247.887
204,Benin,2000,6619
64,Bhutan,2000,606
68,Bolivia,2000,8195
70,Bosnia and Herzegovina,2000,4035.457
72,Botswana,2000,1680
76,Brazil,2000,176320
96,Brunei,2000,325
100,Bulgaria,2000,7818.495
854,Burkina Faso,2000,11588
108,Burundi,2000,6621.126
116,Cambodia,2000,12396
120,Cameroon,2000,15343
124,Canada,2000,31100
132,Cape Verde,2000,402
140,Central African Republic,2000,3940
148,Chad,2000,7943
152,Chile,2000,15156
156,China,2000,1262645
170,Colombia,2000,39817
174,Comoros,2000,579
178,Congo,2000,3104
180,"Congo, DRC",2000,51849
188,Costa Rica,2000,3710.558
384,Cote d'Ivoire,2000,16885
191,Croatia,2000,4410.83
192,Cuba,2000,11106
196,Cyprus,2000,758.363
203,Czech Republic,2000,10270.13
208,Denmark,2000,5337.416
262,Djibouti,2000,430.822
212,Dominica,2000,71
214,Dominican Republic,2000,8410
218,Ecuador,2000,12446
818,Egypt,2000,70512
222,El Salvador,2000,6126
226,Equatorial Guinea,2000,491
232,Eritrea,2000,4197
233,Estonia,2000,1379.835
231,Ethiopia,2000,64165
242,Fiji,2000,833
246,Finland,2000,5168.595
250,France,2000,61137
266,Gabon,2000,1236
268,Georgia,2000,4777.209
276,Germany,2000,82187.91
288,Ghana,2000,19736
300,Greece,2000,10559.11
308,Grenada,2000,89.312
320,Guatemala,2000,11085
324,Guinea,2000,8350
624,Guinea-Bissau,2000,1279
328,Guyana,2000,755.171
332,Haiti,2000,7639
340,Honduras,2000,6347.658
348,Hungary,2000,10137.45
352,Iceland,2000,281.043
356,India,2000,1004124
364,Iran,2000,63273
368,Iraq,2000,22675.62
372,Ireland,2000,3791.69
376,Israel,2000,6115
380,Italy,2000,57719.34
388,Jamaica,2000,2615.467
392,Japan,2000,126179
400,Jordan,2000,4998.564
398,Kazakhstan,2000,15032.14
404,Kenya,2000,30508
296,Kiribati,2000,91.985
414,Kuwait,2000,1973.572
417,Kyrgyzstan,2000,4851.054
418,Laos,2000,5497.733
428,Latvia,2000,2376.178
422,Lebanon,2000,3581
426,Lesotho,2000,2068
430,Liberia,2000,2695
434,Libya,2000,5115.45
438,Liechtenstein,2000,32.204
440,Lithuania,2000,3654.387
442,Luxembourg,2000,438.777
807,Macedonia,2000,2014.512
450,Madagascar,2000,15742
454,Malawi,2000,11560
458,Malaysia,2000,21804
462,Maldives,2000,300
466,Mali,2000,10049
470,Malta,2000,389.947
584,Marshall Is.,2000,53.064
478,Mauritania,2000,2501
480,Mauritius,2000,1186
484,Mexico,2000,99926.62
583,Micronesia,2000,107.754
498,Moldova,2000,4430.654
492,Monaco,2000,31.693
496,Mongolia,2000,2664
499,Montenegro,2000,732.302
504,Morocco,2000,30184
508,Mozambique,2000,18125
104,Myanmar,2000,44301
516,Namibia,2000,1893
520,Nauru,2000,11.845
524,Nepal,2000,24818
528,Netherlands,2000,15907.85
554,New Zealand,2000,3802
558,Nicaragua,2000,4935
562,Niger,2000,10951
566,Nigeria,2000,123179
408,North Korea,2000,21263
578,Norway,2000,4492.4
512,Oman,2000,2534
586,Pakistan,2000,146405
585,Palau,2000,18.766
591,Panama,2000,2900
598,Papua New Guinea,2000,4934
600,Paraguay,2000,5592
604,Peru,2000,26087
608,Philippines,2000,81222
616,Poland,2000,38654.16
620,Portugal,2000,10335.6
634,Qatar,2000,627
642,Romania,2000,22451.92
643,Russia,2000,146710
646,Rwanda,2000,8278
882,Samoa,2000,197
674,San Marino,2000,26.937
678,Sao Tome and Principe,2000,159.883
682,Saudi Arabia,2000,23147
686,Senegal,2000,10678
688,Serbia,2000,10117.91
690,Seychelles,2000,79.326
694,Sierra Leone,2000,4816
702,Singapore,2000,4036.753
703,Slovakia,2000,5400.32
705,Slovenia,2000,2010.557
90,Solomon Is.,2000,466.194
706,Somalia,2000,7386
710,South Africa,2000,45064
410,South Korea,2000,46839
724,Spain,2000,40016.08
144,Sri Lanka,2000,19436
659,St. Kitts and Nevis,2000,38.819
662,St. Lucia,2000,153
670,St. Vincent and the Grenadines,2000,108
740,Suriname,2000,432
748,Swaziland,2000,1109.75
752,Sweden,2000,8872
756,Switzerland,2000,7266.92
760,Syria,2000,16305.66
762,Tajikistan,2000,6230
834,Tanzania,2000,33712
764,Thailand,2000,61862.93
270,The Gambia,2000,1367.884
626,Timor Leste,2000,846.599
768,Togo,2000,4711.655
776,Tonga,2000,102.321
780,Trinidad and Tobago,2000,1252
788,Tunisia,2000,9568
792,Turkey,2000,67329
795,Turkmenistan,2000,4385
798,Tuvalu,2000,10.838
800,Uganda,2000,23956
804,Ukraine,2000,49007.56
784,United Arab Emirates,2000,3219
826,United Kingdom,2000,59522.47
840,United States,2000,282158
858,Uruguay,2000,3328
860,Uzbekistan,2000,25042
548,Vanuatu,2000,189.618
862,Venezuela,2000,23493
704,Vietnam,2000,79060.41
887,Yemen,2000,17495
894,Zambia,2000,10205
716,Zimbabwe,2000,11820
